code,name,sess_days,median_spike,max_spike,max_date,liq_pct,days_ge_5,days_ge_10,days_ge_20
084690,Daesang Holdings Co Ltd,240,0.005081306060903378,0.2894499549143372,2025-06-11,0.31419939577039274,7,3,1
448280,EcoEye Co Ltd,221,0.007434944237918215,0.26168876482903003,2025-07-04,0.2930513595166163,8,3,1
001430,SeAH Besteel Holdings Corp,237,0.009107468123861567,0.24179620034542315,2025-08-18,0.702920443101712,5,3,1
117730,T-Robotics Co Ltd,156,0.010438515725874554,0.21235294117647058,2026-05-26,0.6988922457200403,6,3,1
181710,NHN Corp,240,0.006254890453834116,0.19747899159663865,2025-06-09,0.4300100704934542,4,3,0
084850,ITM Semiconductor Co Ltd,240,0.009882017900732303,0.1854251012145749,2025-10-27,0.12890231621349446,13,3,0
452430,Sapien Semiconductors Inc,211,0.011428571428571429,0.15930388219544847,2026-04-23,0.5327291037260826,6,3,0
101930,Inhwa Precision Co Ltd,83,0.008481764206955046,0.1525759577278732,2026-05-06,0.18026183282980865,6,3,0
437730,Samhyun Co Ltd,175,0.010238907849829351,0.13665943600867678,2026-03-05,0.8680765357502518,6,3,0
199800,ToolGen Inc,239,0.010540184453227932,0.13384615384615384,2026-03-30,0.45720040281973817,11,3,0
002960,Hankook Shell Oil Co Ltd,232,0.0011415539990226422,0.1334056399132321,2025-06-23,0.3192346424974824,4,3,0
036560,KZ Precision Corp,136,0.0006930569430569431,0.13270142180094788,2025-12-15,0.026183282980866064,5,3,0
101730,Wemade Max Co Ltd,239,0.006195786864931847,0.1254295532646048,2026-04-20,0.15609264853977844,4,3,0
352480,C&C International Co Ltd,240,0.006787643008881268,0.32505643340857787,2026-02-26,0.4038267875125881,3,2,1
304100,Saltlux Inc,150,0.009527627851385648,0.2936708860759494,2025-07-24,0.649546827794562,4,2,2
093370,Foosung Co Ltd,198,0.009092521555093255,0.2936259143155695,2025-10-28,0.6455186304128903,4,2,1
001060,JW Pharmaceutical Corp,239,0.0057361376673040155,0.29069767441860467,2025-08-26,0.4551863041289023,4,2,1
042700,Hanmi Semiconductor Co Ltd,202,0.010456707989717023,0.29011689691817216,2025-07-14,0.9939577039274925,4,2,2
253450,Studio Dragon Corp,239,0.00513347022587269,0.27939317319848295,2025-11-14,0.5317220543806647,4,2,1
236200,Suprema Inc,237,0.005405405405405406,0.2774390243902439,2025-09-18,0.3031218529707956,4,2,1
100840,SNTEnergy Co Ltd,230,0.008332520552338412,0.27657378740970073,2025-08-18,0.7613293051359517,7,2,2
377450,Refine Co Ltd,138,0.005746738773403407,0.2724568709101725,2025-08-01,0.25176233635448136,4,2,2
005930,Samsung Electronics Co Ltd,240,0.006732848946393649,0.2657894736842105,2026-02-06,1.0,3,2,1
002380,KCC Corp,240,0.005633926997002292,0.263915547024952,2026-04-16,0.701913393756294,4,2,1
030610,Kyobo Securities Co Ltd,98,0.008193148490687675,0.2577235772357724,2026-03-30,0.45417925478348437,4,2,2
033240,Jahwa Electronics Co Ltd,230,0.006993006993006993,0.25601374570446733,2026-01-30,0.6002014098690835,6,2,1
094170,Dongwoon Anatech Co Ltd,230,0.0065975417900229864,0.2325301204819277,2025-07-22,0.6394763343403826,5,2,2
082920,VitzroCell Co Ltd,229,0.008503401360544218,0.23063063063063063,2026-05-13,0.5720040281973817,9,2,1
015760,Korea Electric Power Corp,202,0.006513028708582174,0.22554347826086957,2025-07-14,0.9808660624370594,3,2,1
064760,Tokai Carbon Korea Co Ltd,240,0.007352954318386139,0.2208955223880597,2026-03-13,0.6565961732124874,3,2,1
127120,JS Link Inc,88,0.01819120582642179,0.20394736842105263,2026-01-26,0.7522658610271903,5,2,1
032500,KMW Co Ltd,239,0.010158013544018058,0.20161943319838058,2025-06-02,0.6062437059415912,5,2,1
006110,Sama Aluminium Co Ltd,228,0.010107890148212728,0.19499105545617174,2026-04-13,0.5961732124874118,17,2,0
016610,DB Securities Co,116,0.008505123568414708,0.18949909474954738,2026-05-07,0.3413897280966767,5,2,0
200130,KolmarBNH Co Ltd,240,0.004457342339785435,0.18652526512788523,2025-09-18,0.22457200402819738,3,2,0
096770,SK Innovation Co Ltd,240,0.0064133018620861,0.18571428571428572,2026-03-03,0.9093655589123867,4,2,0
053610,Protec Co Ltd,240,0.007384040191611169,0.17281879194630873,2026-02-19,0.3806646525679758,6,2,0
226330,SyntekaBio Inc,120,0.009867445309603236,0.1714285714285714,2025-11-06,0.22255790533736153,12,2,0
082270,GemVax & KAEL Co Ltd,230,0.010759119205638731,0.17105263157894737,2025-10-24,0.8348439073514602,5,2,0
107640,HanJungNCS Co Ltd,240,0.01101639817958535,0.17035775127768313,2026-05-29,0.7734138972809668,6,2,0
069080,Webzen Inc,240,0.003211566279972255,0.1610738255033557,2025-09-19,0.11782477341389729,2,2,0
051500,CJ Freshway Corp,97,0.004838709677419355,0.15965166908563136,2026-03-11,0.20745216515609266,2,2,0
001720,Shinyoung Securities Co Ltd,221,0.007333333333333333,0.15862068965517243,2026-01-15,0.6404833836858006,6,2,0
004000,Lotte Fine Chemical Co Ltd,239,0.006,0.15531914893617021,2026-01-07,0.3867069486404834,3,2,0
025950,Dongshin Engineering & Construction,132,0.004714639585684684,0.14917127071823205,2025-09-11,0.1540785498489426,4,2,0
000670,Youngpoong Corp,240,0.0072803635544602995,0.1482758620689655,2026-02-09,0.3121852970795569,5,2,0
009970,Youngone Holdings Co Ltd,235,0.004601226993865031,0.14800655379574004,2026-01-21,0.17522658610271905,6,2,0
029530,Sindoh Co Ltd,96,0.0050920678372078105,0.14478764478764478,2026-04-15,0.05639476334340383,2,2,0
036540,SFA Semicon Co Ltd,170,0.0061444077394997645,0.13256484149855907,2025-09-10,0.5448136958710977,2,2,0
014940,Oriental Precision & Engineering Co Ltd,175,0.009696969696969697,0.13150684931506848,2026-03-11,0.5800604229607251,5,2,0
018250,Aekyung Industrial Co Ltd,160,0.0062417120903769914,0.1283158544108575,2025-06-26,0.3282980866062437,6,2,0
372170,Yunsung F&C Co Ltd,240,0.008553104844117684,0.11854103343465046,2025-11-25,0.29103726082578046,7,2,0
000440,Joong Ang Enervis Co Ltd,139,0.006578947368421052,0.1148936170212766,2025-06-16,0.17421953675730112,7,2,0
079160,CJ CGV Co Ltd,62,0.0058195981034093475,0.109375,2025-07-23,0.40181268882175225,2,2,0
336370,Solus Advanced Materials Co Ltd,237,0.007900677200902935,0.10840438489646773,2026-03-11,0.526686807653575,6,2,0
067310,Hana Micron Inc,132,0.008736943882549012,0.33544303797468356,2025-10-13,0.8952668680765358,1,1,1
066970,L&F Co Ltd,240,0.010265017077122126,0.31037037037037035,2026-02-03,0.9496475327291037,3,1,1
087010,Peptron Inc,240,0.010273972602739725,0.3027295285359802,2025-06-04,0.9577039274924471,3,1,1
034120,Seoul Broadcasting System,240,0.003171585490977126,0.2988197424892704,2026-01-09,0.27895266868076535,2,1,1
475400,Cmes Robotics Inc,175,0.009025270758122744,0.2983490566037736,2026-01-27,0.6686807653575025,1,1,1
081180,SEC Co Ltd,123,0.010917030567685589,0.2975609756097561,2025-09-12,0.24269889224572003,7,1,1
241710,Cosmecca Korea Co Ltd,240,0.006092920518246278,0.2962962962962963,2025-06-18,0.6304128902316214,2,1,1
486990,Nota Inc,98,0.012536638335741871,0.2939330543933054,2026-01-15,0.8690835850956697,3,1,1
338840,Y Biologics Inc,160,0.011044339775864869,0.29209302325581393,2025-06-17,0.6636455186304129,3,1,1
440110,Fadu Inc,77,0.010095344924284913,0.2916666666666667,2025-08-19,0.47230614300100704,7,1,1
005380,Hyundai Motor Co,240,0.006270147024137118,0.2899949212798375,2025-06-16,0.9969788519637462,1,1,1
484590,Samyang Comtech Co Ltd,122,0.01022113586746472,0.28453267162944584,2026-04-08,0.7240684793554885,4,1,1
489790,Hanwha Vision Co Ltd,239,0.008517887563884156,0.2842998585572843,2025-07-31,0.932527693856999,4,1,1
329180,HD Hyundai Heavy Industries Co Ltd,227,0.006802721088435374,0.28229166666666666,2025-09-29,0.9647532729103726,1,1,1
045660,Atec Co Ltd,142,0.003951008123684818,0.281947261663286,2025-06-04,0.17119838872104734,3,1,1
000100,Yuhan Corp,240,0.004415115171154425,0.2818181818181818,2026-02-11,0.9214501510574018,1,1,1
091700,Partron Co Ltd,142,0.004335296328780855,0.28173374613003094,2025-07-28,0.19838872104733132,1,1,1
026960,Dong Suh Companies Inc,239,0.00546448087431694,0.28125,2025-12-29,0.44008056394763345,1,1,1
006220,Jeju Bank,82,0.010267996643458783,0.27783452502553624,2025-06-18,0.7270896273917422,3,1,1
018260,Samsung SDS Co Ltd,240,0.004873692969219133,0.2772166105499439,2025-07-16,0.8489425981873112,3,1,1
178920,PI Advanced Materials Co Ltd,239,0.005851375073142188,0.27617328519855594,2025-11-21,0.486404833836858,4,1,1
011210,Hyundai Wia Corp,240,0.006948486514759331,0.276,2025-07-23,0.7381671701913394,2,1,1
082740,Hanwha Engine Co Ltd,160,0.008950273966959172,0.275,2025-08-06,0.9375629405840886,1,1,1
377300,KakaoPay Corp,211,0.0078125,0.2746212121212121,2025-11-14,0.9234642497482377,3,1,1
083420,Green Chemical Co Ltd,62,0.007014742014742015,0.2710843373493976,2025-06-23,0.23363544813695872,2,1,1
084110,Huons Global Co Ltd,240,0.006872852233676976,0.2686804451510334,2025-11-05,0.5206445115810675,2,1,1
064400,LG CNS Co Ltd,156,0.007334075616013942,0.268188302425107,2025-08-20,0.9516616314199395,1,1,1
175330,JB Financial Group Co Ltd,240,0.005623677014185567,0.26634382566585957,2025-07-07,0.47129909365558914,3,1,1
389020,Zaram Technology Inc,142,0.0077922603626943004,0.26625,2025-07-02,0.4420946626384693,3,1,1
119850,GnCenergy Co Ltd,165,0.009302325581395349,0.2642857142857143,2025-06-11,0.7854984894259819,3,1,1
009450,Kyung Dong Navien Co Ltd,240,0.005096662330156352,0.26259541984732826,2026-02-13,0.5699899295065458,3,1,1
005610,Samlip Co Ltd,213,0.001996007984031936,0.25849056603773585,2026-03-16,0.1027190332326284,3,1,1
058970,Emro Incorporated,239,0.005827505827505828,0.2581818181818182,2026-05-13,0.48841893252769386,4,1,1
163280,Airrane Co Ltd,123,0.007263922518159807,0.25699745547073793,2025-08-27,0.3081570996978852,2,1,1
453450,Gridwiz Co Ltd,142,0.006297828614694032,0.2528473804100228,2025-07-25,0.23967774420946628,3,1,1
256840,BNC Korea Inc,62,0.0058195981034093475,0.25206611570247933,2025-06-02,0.5105740181268882,1,1,1
139480,E-Mart Inc,239,0.0044742729306487695,0.24969249692496925,2025-08-04,0.7653575025176234,1,1,1
017960,Hankuk Carbon Co Ltd,240,0.007574416469971151,0.24865831842576028,2025-07-28,0.8529707955689829,1,1,1
494120,Curiosis Inc,98,0.010464373688532067,0.2460881934566145,2026-02-13,0.7542799597180262,2,1,1
241520,DSC Investment Inc,58,0.006274822459435118,0.2459016393442623,2025-08-14,0.5236656596173213,2,1,1
381970,K Car Co Ltd,240,0.0032164846233619622,0.24411134903640258,2026-04-01,0.2890231621349446,1,1,1
124500,ITCenGlobal Co Ltd,144,0.01179004687069203,0.24254742547425473,2026-01-13,0.8569989929506546,4,1,1
166090,Hana Materials Inc,240,0.008380476766415668,0.24202626641651032,2026-01-22,0.75730110775428,5,1,1
003540,Daishin Securities Co Ltd,160,0.007518796992481203,0.23630672926447574,2026-02-10,0.6646525679758308,3,1,1
010780,IS Dongseo Co Ltd,239,0.005964214711729622,0.23613312202852615,2026-03-19,0.31822759315206445,1,1,1
462350,Innospace Co Ltd,142,0.007736314884580219,0.23579766530428245,2025-08-26,0.29506545820745217,6,1,1
041510,SM Entertainment Co Ltd,240,0.004244176359599944,0.23577235772357724,2025-11-21,0.7754279959718026,1,1,1
004690,Samchully Co Ltd,239,0.0038284839203675345,0.23547979797979798,2026-03-25,0.4028197381671702,3,1,1
031430,Shinsegae International Inc,220,0.004853214120839261,0.23499142367066894,2026-05-14,0.28600201409869086,1,1,1
065660,Anterogen Co Ltd,98,0.012403130588619887,0.23450134770889489,2026-02-09,0.42396777442094663,6,1,1
035600,KGInicis Co Ltd,152,0.006073753854678616,0.23102585487906588,2025-06-24,0.38469284994964753,4,1,1
036570,NC Corp,240,0.006864988558352402,0.22990654205607478,2025-06-16,0.8721047331319235,1,1,1
004980,Sungshin Cement Co Ltd,240,0.0062658679858361285,0.22742110990206746,2026-05-21,0.33031218529707956,5,1,1
003570,SNT Dynamics Co Ltd,229,0.008403361344537815,0.22330097087378642,2026-03-13,0.5709969788519638,2,1,1
237880,Clio Cosmetics Co Ltd,240,0.0038846815315451222,0.22178988326848248,2025-11-27,0.2618328298086606,1,1,1
050890,Solid Inc,132,0.006016139538249982,0.21481481481481482,2025-09-08,0.6424974823766365,1,1,1
417200,LS Materials Ltd,170,0.006692460333782117,0.21212121212121213,2025-12-22,0.6696878147029205,2,1,1
036530,SNT Holdings Co Ltd,210,0.006655592469545958,0.2112,2025-07-02,0.31017119838872104,2,1,1
005500,Samjin Pharmaceutical Co Ltd,98,0.0034477309762480863,0.20899470899470898,2026-03-16,0.13997985901309165,4,1,1
299030,Hana Technology Co Ltd,117,0.009419152276295133,0.20625,2026-02-10,0.418932527693857,4,1,1
267850,Asiana IDT Inc,135,0.0008547008547008547,0.20440251572327045,2025-07-11,0.004028197381671702,2,1,1
271940,Iljin HySolus Co Ltd,240,0.0060687432867884,0.2011173184357542,2025-09-25,0.30614300100704933,7,1,1
056190,SFA Engineering Corp,240,0.00603030303030303,0.2,2026-03-05,0.38872104733131924,3,1,1
007690,Kukdo Chemical Co Ltd,98,0.004866309528033018,0.19596541786743515,2026-03-24,0.20342396777442096,1,1,0
021240,Coway Co Ltd,240,0.005266000989420302,0.19238900634249473,2025-06-30,0.5125881168177241,2,1,0
001680,Daesang Corp,240,0.004395604395604396,0.19212962962962962,2025-09-01,0.4169184290030212,1,1,0
290650,L&C Bio Co Ltd,230,0.009672289056436412,0.19090909090909092,2026-04-08,0.8902316213494461,1,1,0
006650,Korea Petro Chemical Ind Co Ltd,240,0.005924506778595142,0.1896280775275013,2026-03-03,0.5458207452165156,1,1,0
102710,ENF Technology Co Ltd,240,0.00702282815472416,0.1875,2026-04-08,0.6596173212487412,1,1,0
007310,Otoki Corp,240,0.0029027820785857677,0.18701298701298702,2025-12-02,0.4209466263846928,2,1,0
000810,Samsung Fire & Marine Insurance Co Ltd,239,0.004032258064516129,0.18636363636363637,2025-09-01,0.7190332326283988,1,1,0
007810,Korea Circuit Co Ltd,154,0.00986884820153227,0.18429189857761286,2025-09-11,0.8358509566968781,1,1,0
420770,GigaVis Co Ltd,240,0.007510014187810515,0.18181818181818182,2025-10-21,0.47633434038267874,4,1,0
468530,Proteina Co Ltd,98,0.009800692943638297,0.18128654970760233,2026-04-03,0.8267875125881168,2,1,0
003120,Ilsung IS Co Ltd,97,0.005504587155963303,0.17934272300469484,2026-02-06,0.027190332326283987,3,1,0
194370,JS Corp,240,0.005842665396563243,0.17869415807560138,2026-04-28,0.3856998992950655,3,1,0
004370,Nongshim Co Ltd,240,0.003638602282456156,0.1759809750297265,2025-07-15,0.7744209466263847,2,1,0
047040,Daewoo Engineering & Construction Co Ltd,169,0.005457025920873124,0.17445838084378562,2025-06-20,0.6183282980866063,1,1,0
307950,Hyundai Autoever Corp,240,0.008923323005440294,0.1738095238095238,2026-03-19,0.9174219536757301,3,1,0
407400,Ggumbi Inc,123,0.007233273056057866,0.17207334273624825,2025-07-29,0.1782477341389728,6,1,0
030960,Yangjisa Co Ltd,140,0.0062267369727047155,0.17177914110429449,2025-12-26,0.2527693856998993,1,1,0
014830,Unid Co Ltd,240,0.005308562390579151,0.17131474103585656,2026-02-05,0.4561933534743202,2,1,0
001530,DI Dong Il Corp,230,0.006803035912624954,0.17031249999999995,2025-06-02,0.35347432024169184,2,1,0
112610,CS Wind Corp,239,0.007398273736128237,0.16910229645093947,2025-06-27,0.8288016112789527,2,1,0
005710,Daewonsanup,98,0.008372415174324483,0.16907097518753605,2026-02-26,0.14300100704934543,3,1,0
101970,Wooyang HC Co Ltd,122,0.010272437165387557,0.16833484986351227,2025-07-10,0.18126888217522658,4,1,0
347850,DND PharmaTech Inc,158,0.012094750679098003,0.16833484986351227,2026-05-28,0.945619335347432,4,1,0
281820,KCTech Co Ltd,240,0.007817858331239515,0.16730038022813687,2025-06-10,0.6555891238670695,4,1,0
126720,Soosan Industries Co Ltd,239,0.005628517823639775,0.1672077922077922,2026-03-23,0.43202416918429004,2,1,0
053580,WebCash Corp,123,0.005818181818181818,0.16408450704225352,2025-09-15,0.18932527693857,1,1,0
321820,Artist Company Inc,142,0.008435761418035969,0.16369278510473234,2025-06-23,0.03423967774420947,4,1,0
456040,OCI Co Ltd,240,0.006191957058873647,0.16326530612244897,2026-04-02,0.5971802618328298,4,1,0
079940,Gabia Inc,97,0.008403361344537815,0.16246056782334384,2026-05-26,0.21953675730110775,5,1,0
007390,NatureCell Co Ltd,238,0.00801348287554423,0.16244725738396623,2025-10-20,0.8338368580060423,6,1,0
304360,S Biomedics Co Ltd,221,0.011688311688311689,0.15942028985507245,2026-03-11,0.5891238670694864,4,1,0
075580,Sejin Heavy Industries Co Ltd,175,0.008771929824561403,0.15895061728395063,2025-08-14,0.7764350453172205,5,1,0
079900,Junjin Construction & Robot Co Ltd,240,0.010025125628140704,0.15667311411992263,2025-10-17,0.7089627391742196,11,1,0
138610,Nibec Co Ltd,240,0.009552413131439536,0.15546218487394958,2025-09-03,0.6173212487411883,3,1,0
051360,Tovis Co Ltd,237,0.005084745762711864,0.1552542372881356,2025-06-26,0.2799597180261833,1,1,0
015750,Sungwoo Hitech Co Ltd,202,0.006768208886852955,0.15432098765432098,2025-10-16,0.6928499496475328,2,1,0
118990,Motrex Co Ltd,142,0.005429195276541161,0.1539301310043668,2025-12-26,0.1691842900302115,3,1,0
263750,Pearl Abyss Corp,239,0.0065005417118093175,0.1532608695652174,2026-03-19,0.7280966767371602,5,1,0
204320,HL Mando Corp,239,0.007022471910112359,0.15168539325842698,2026-03-10,0.8298086606243706,1,1,0
351870,Chai Communication Co Ltd,140,0.004820497973364216,0.15148413510747186,2025-12-30,0.005035246727089627,3,1,0
376300,Dear U Co Ltd,240,0.006632859564633352,0.15135135135135136,2026-03-10,0.6656596173212488,2,1,0
085620,Mirae Asset Life Insurance Co Ltd,95,0.009433962264150943,0.1473922902494331,2026-03-06,0.622356495468278,4,1,0
014620,Sung Kwang Bend Co Ltd,239,0.007936507936507936,0.14580031695721077,2025-10-15,0.7401812688821753,4,1,0
047050,Posco International Corp,240,0.006401162447824178,0.14498933901918976,2025-08-04,0.9144008056394763,5,1,0
018880,Hanon Systems,132,0.007051006381080001,0.14468629961587712,2025-10-24,0.5468277945619335,2,1,0
272210,Hanwha Systems Co Ltd,202,0.009050136939628625,0.14442413162705667,2025-07-09,0.9859013091641491,7,1,0
030200,KT Corp,240,0.0037209334524032035,0.14341846758349705,2025-10-13,0.7462235649546828,2,1,0
046890,Seoul Semiconductor Co Ltd,227,0.005336179295624333,0.14126611957796015,2026-05-12,0.30513595166163143,7,1,0
003960,Sajodaerim Corp,233,0.0025806451612903226,0.14039408866995073,2025-10-15,0.14904330312185296,1,1,0
095340,ISC Co Ltd,240,0.00814667330346773,0.1378640776699029,2025-06-23,0.8459214501510574,6,1,0
004990,Lotte Corp,240,0.006837606837606838,0.1357142857142857,2025-06-27,0.7139979859013091,3,1,0
117580,Daesung Energy Co Ltd,142,0.0036742206062351504,0.13427561837455831,2025-06-24,0.16314199395770393,5,1,0
017390,Seoul City Gas Co Ltd,98,0.004687545776814227,0.1340782122905028,2026-03-03,0.21651560926485397,8,1,0
008930,Hanmi Science Co Ltd,240,0.006285357605638255,0.13375,2026-03-05,0.6576032225579054,1,1,0
372320,Curocell Inc,240,0.008620729696462992,0.13345864661654136,2026-04-01,0.6384692849949648,7,1,0
053030,Binex Co Ltd,239,0.006364922206506365,0.13148148148148148,2025-08-27,0.6153071500503524,2,1,0
476080,M Eighty Three Co Ltd,19,0.006839945280437756,0.13138686131386862,2025-06-26,0.3685800604229607,1,1,0
005830,DB Insurance Co Ltd,240,0.005781916014327158,0.1297709923664122,2026-02-23,0.5730110775427996,2,1,0
009420,Hanall Biopharma Co Ltd,240,0.008409254304807476,0.12949640287769784,2025-11-03,0.8640483383685801,5,1,0
024060,HeunguOil,67,0.006530612244897959,0.12918287937743192,2025-07-30,0.4511581067472306,6,1,0
005810,Poongsan Holdings Corp,221,0.005128205128205128,0.12810707456978968,2025-07-09,0.3756294058408862,3,1,0
240550,DongBang Medical Co Ltd,123,0.005595523581135092,0.12797881729920565,2025-09-25,0.4068479355488419,2,1,0
435570,ERCOHS Agricultural Corp Co Ltd,123,0.008917197452229299,0.12764350453172205,2025-10-17,0.19436052366565962,3,1,0
194700,Novarex Co Ltd,239,0.0058823529411764705,0.12530120481927712,2025-08-11,0.4159113796576032,4,1,0
086900,Medy Tox Inc,240,0.0040940604277380855,0.12449799196787148,2025-09-25,0.5619335347432024,2,1,0
361390,Genohco Inc,142,0.004945332497075924,0.12435897435897436,2025-12-19,0.17220543806646527,2,1,0
161890,Kolmar Korea Co Ltd,240,0.005256278092337127,0.12380952380952381,2025-11-19,0.8116817724068479,1,1,0
285130,SK Chemicals Co Ltd,240,0.004481158385578189,0.12345679012345678,2025-10-10,0.4662638469284995,1,1,0
294570,Coocon Corp,221,0.008728179551122194,0.12335958005249344,2025-07-16,0.5417925478348439,4,1,0
179900,UTI Inc,194,0.008978686955207336,0.12237093690248566,2025-07-16,0.41389728096676737,5,1,0
064960,SNT Motiv Co Ltd,240,0.006771628629991883,0.12225274725274725,2026-01-28,0.38368580060422963,4,1,0
376900,Rokit Healthcare Inc,146,0.01197546038728598,0.12018489984591679,2026-01-30,0.9103726082578046,5,1,0
402030,Konan Technology Inc,229,0.009009009009009009,0.11987381703470032,2026-05-29,0.37361530715005037,3,1,0
214150,Classys Inc,240,0.005676488489491962,0.11984282907662082,2025-10-01,0.7482376636455186,1,1,0
078520,Able C&C Co Ltd,117,0.006925207756232687,0.11958041958041958,2026-04-27,0.3947633434038268,5,1,0
008830,DaedongGear,123,0.00798175598631699,0.1192093885114268,2025-09-19,0.3987915407854985,3,1,0
200670,Humedix Co Ltd,175,0.006279434850863423,0.11900191938579655,2025-06-05,0.5740181268882175,1,1,0
180640,Hanjin Kal Corp,240,0.006383950255840414,0.11893939393939394,2026-01-22,0.6706948640483383,3,1,0
424870,ImmuneOncia Therapeutics Inc,152,0.010133097172487303,0.11775043936731107,2026-05-13,0.7069486404833837,6,1,0
176750,DuChemBio Co Ltd,240,0.00682261208576998,0.11745689655172414,2026-05-11,0.19133937562940584,5,1,0
214430,I3System Inc,240,0.008219239776616826,0.11736178467507274,2026-03-09,0.648539778449144,8,1,0
310210,Voronoi Inc,240,0.010276129315864416,0.11690647482014388,2026-05-13,0.8862034239677744,5,1,0
319660,PSK Inc,230,0.008349316937441866,0.11666666666666667,2025-09-19,0.8026183282980867,3,1,0
001270,Bookook Securities Co Ltd,98,0.009873237419231625,0.11602209944751381,2026-02-24,0.4692849949647533,3,1,0
000520,Samil Pharmaceutical Co Ltd,62,0.007117748622354559,0.11578947368421053,2025-06-09,0.364551863041289,2,1,0
396270,Nextchip Co Ltd,52,0.013395646615119978,0.11571428571428576,2025-08-13,0.2980866062437059,3,1,0
451250,Bbia Co Ltd,123,0.007774538386783284,0.11552612214863871,2025-11-24,0.2759315206445116,3,1,0
267250,HD Hyundai Co Ltd,240,0.007944335433233501,0.11549925484351714,2025-08-07,0.8600201409869084,3,1,0
052400,Kona I Co Ltd,150,0.00958927203065134,0.11501597444089456,2026-03-10,0.7824773413897281,2,1,0
489460,Biobijou Co Ltd,123,0.007450771687067589,0.1145985401459854,2025-12-19,0.5770392749244713,1,1,0
454910,Doosan Robotics Inc,240,0.007920823138214442,0.11348464619492657,2025-11-19,0.919436052366566,1,1,0
300720,Hanil Cement Co Ltd,239,0.005445544554455445,0.11319648093841642,2026-04-24,0.3675730110775428,3,1,0
036620,Gamsung Corporation Co Ltd,159,0.008620689655172414,0.11251980982567353,2025-07-11,0.4773413897280967,2,1,0
071050,Korea Investment Holdings Co Ltd,240,0.006768208886852955,0.11225490196078432,2026-03-09,0.8841893252769386,2,1,0
348340,Neuromeka Co Ltd,151,0.00980392156862745,0.11214953271028037,2025-11-06,0.6626384692849949,1,1,0
340570,T&L Co Ltd,240,0.005550421031012528,0.11202635914332784,2025-07-09,0.49345417925478346,2,1,0
065350,Shinsung Delta Tech Co Ltd,240,0.0070921985815602835,0.11127379209370425,2025-07-03,0.8197381671701913,3,1,0
000370,Hanwha General Insurance Co Ltd,54,0.007399186089530152,0.11093990755007704,2025-07-24,0.5669687814702921,2,1,0
125020,TC Materials Co Ltd,123,0.010626992561105207,0.11057692307692307,2025-12-09,0.35750251762336355,3,1,0
002900,TYM Corp,77,0.006147540983606557,0.11038961038961038,2025-08-21,0.32729103726082576,2,1,0
053800,AhnLab Inc,240,0.0045351707116412995,0.1095890410958904,2026-04-16,0.44914400805639476,1,1,0
417010,NanoTim Co Ltd,137,0.006185567010309278,0.10953058321479374,2025-12-17,0.028197381671701913,6,1,0
080220,Jeju Semiconductor Corp,167,0.009584664536741214,0.1088560885608856,2025-10-10,0.8751258811681772,2,1,0
222800,Simmtech Co Ltd,236,0.010799589475648443,0.1088495575221239,2026-03-31,0.9365558912386707,6,1,0
086710,Sunjin Beauty Science Co Ltd,142,0.004738476504040707,0.1086021505376344,2025-11-21,0.13192346424974824,2,1,0
131970,Doosan Tesna Inc,229,0.009708737864077669,0.10851926977687627,2026-04-07,0.8660624370594159,4,1,0
168360,Pemtron Corp,229,0.010901162790697675,0.10842105263157895,2025-11-20,0.5881168177240684,7,1,0
003030,Seah Steel Holdings Corp,239,0.0050933786078098476,0.10776942355889724,2026-03-23,0.24773413897280966,5,1,0
025770,Korea Information & Communications Co Ltd,211,0.006501950585175552,0.10704022988505747,2025-06-20,0.04028197381671702,6,1,0
018290,VT Co Ltd,240,0.0054496317415062955,0.10657894736842105,2025-07-31,0.756294058408862,1,1,0
347700,Sphere Corp,156,0.012929312665537753,0.10657596371882086,2025-12-09,0.7150050352467271,7,1,0
108320,LX Semicon Co Ltd,239,0.005535055350553505,0.10644677661169415,2025-07-07,0.5095669687814703,1,1,0
004700,Chokwang Leather Co Ltd,90,0.005282394221707546,0.1062937062937063,2026-02-02,0.041289023162134945,2,1,0
022100,Posco DX Co Ltd,202,0.007828812153454524,0.10612244897959183,2025-07-01,0.8731117824773413,2,1,0
004490,Sebang Global Battery Co Ltd,240,0.0045214795834923405,0.1056547619047619,2025-06-23,0.45820745216515607,1,1,0
357780,SoulBrain Co Ltd,240,0.007237646237122403,0.1056422569027611,2026-01-29,0.7260825780463243,2,1,0
403550,SoCar Inc,97,0.006201550387596899,0.1055944055944056,2026-05-28,0.0473313192346425,7,1,0
289220,GiantStep Inc,142,0.008490766674236445,0.10517799352750809,2025-09-09,0.07653575025176233,2,1,0
130660,Korea Electronic Power Industrial Development Co Ltd,167,0.005742411812961444,0.10514018691588785,2025-08-25,0.525679758308157,2,1,0
047920,HLB Pharmaceutical Co Ltd,240,0.005575222330492273,0.105,2026-01-26,0.5307150050352467,4,1,0
064350,Hyundai Rotem Co,230,0.007308431847315198,0.10485436893203884,2026-03-04,0.9848942598187311,2,1,0
007070,GS Retail Co Ltd,240,0.004802093782066802,0.10467706013363029,2026-05-07,0.391742195367573,2,1,0
089890,Koses Co Ltd,107,0.012958963282937365,0.10367170626349892,2026-01-07,0.675730110775428,3,1,0
020150,Lotte Energy Materials Corp,240,0.007789920089602286,0.1031390134529148,2025-06-23,0.7049345417925479,3,1,0
461300,I Scream Media Co Ltd,142,0.006620122543470799,0.10294117647058823,2025-11-06,0.2678751258811682,2,1,0
086280,Hyundai Glovis Co Ltd,240,0.006696428571428571,0.102803738317757,2026-01-08,0.8620342396777442,1,1,0
220100,FutureChem Co Ltd,160,0.008460261108566194,0.10226049515608181,2026-05-04,0.552870090634441,1,1,0
097520,MCNex Co Ltd,240,0.006204763615830809,0.10211267605633803,2025-09-25,0.39375629405840884,3,1,0
377480,Maum AI Inc,123,0.009592326139088728,0.10196078431372549,2025-10-02,0.5196374622356495,1,1,0
014710,Sajo Sea Food Co Ltd,115,0.003464203233256351,0.10194730813287514,2025-12-12,0.05337361530715005,3,1,0
499790,GS P&L Co Ltd,221,0.007838745800671893,0.10194730813287514,2026-04-13,0.6515609264853978,1,1,0
005090,SGC Energy Co Ltd,229,0.004662004662004662,0.10182370820668693,2026-03-25,0.22356495468277945,4,1,0
064820,Cape Industries Ltd,97,0.010678871090770405,0.1016949152542373,2026-03-16,0.5085599194360524,2,1,0
419530,SAMG Entertainment Co Ltd,204,0.008945719773184563,0.10147058823529412,2026-03-25,0.6777442094662638,2,1,0
009830,Hanwha Solutions Corp,240,0.009041857423152387,0.10096818810511757,2025-06-17,0.9748237663645518,2,1,0
071320,Korea District Heating Corp,240,0.0036659058992696185,0.10091743119266056,2026-01-21,0.4149043303121853,1,1,0
033780,KT&G Corp,240,0.004377964829337635,0.10066666666666667,2026-03-09,0.7623363544813696,2,1,0
100090,SK Oceanplant Co Ltd,149,0.00889121338912134,0.10047846889952153,2025-07-11,0.8076535750251762,2,1,0
448900,PIM Korea Co Ltd,78,0.019142700128228614,0.100418410041841,2026-01-13,0.8912386706948641,6,1,0
115180,Qurient Co Ltd,189,0.0109375,0.10018214936247723,2026-05-22,0.6837865055387714,9,1,0
048410,Hyundai Bioscience Co Ltd,161,0.008639308855291577,0.10012515644555695,2025-07-24,0.6344410876132931,3,1,0
000660,SK Hynix Inc,229,0.008082622361921869,0.1,2026-04-08,0.998992950654582,1,1,0
112040,WeMade Co Ltd,239,0.006564551422319475,0.1,2025-06-17,0.5981873111782477,4,1,0
267270,HD Construction Equipment Co Ltd,160,0.00811200475254764,0.1,2025-08-06,0.9254783484390735,2,1,0
322510,JLK Inc,142,0.00998072293601675,0.1,2025-11-04,0.1973816717019134,3,1,0
464080,SOS Lab Co Ltd,77,0.00861244019138756,0.09991158267020336,2025-09-15,0.6253776435045317,2,0,0
308430,Cellbion Co Ltd,175,0.009950248756218905,0.09971509971509972,2026-04-16,0.6666666666666666,4,0,0
300080,Flitto Inc,221,0.009919404835709857,0.09937238493723849,2025-07-16,0.5438066465256798,7,0,0
309710,IT Chem Co Ltd,144,0.01409301555776233,0.09917355371900827,2026-03-09,0.7180261832829808,4,0,0
033160,MK Electron Co Ltd,142,0.007510491858317946,0.0988235294117647,2025-09-01,0.22759315206445116,3,0,0
293490,Kakao Games Corp,240,0.0046417000260966755,0.09872340425531916,2026-03-24,0.5639476334340383,3,0,0
451760,Contec Co Ltd,142,0.005079416270257196,0.09833333333333333,2025-12-23,0.10473313192346426,3,0,0
252990,SemCNS Co Ltd,19,0.005319148936170213,0.09823182711198428,2025-06-25,0.13595166163141995,1,0,0
298380,ABL Bio Inc,227,0.008333333333333333,0.09802631578947368,2026-04-28,0.9798590130916415,1,0,0
084010,Daehan Steel Co Ltd,211,0.00303951367781155,0.09753231492361927,2026-04-13,0.0634441087613293,7,0,0
402340,SK Square Co Ltd,220,0.009901097943534332,0.09748427672955975,2025-11-14,0.9476334340382678,1,0,0
200710,ADTechnology Co Ltd,160,0.011472652822462709,0.09734513274336283,2026-04-15,0.8449144008056395,1,0,0
397030,AprilBio Co Ltd,160,0.011892975011786893,0.0968208092485549,2026-02-11,0.850956696878147,4,0,0
064550,Bioneer Corp,240,0.004571461079596249,0.09674027339642481,2026-05-18,0.40986908358509566,4,0,0
009240,Hanssem Co Ltd,240,0.004486832668570782,0.09663409337676439,2025-09-22,0.3716012084592145,2,0,0
012330,Hyundai Mobis Co Ltd,240,0.006090143018218504,0.09615384615384616,2026-03-30,0.9284994964753273,4,0,0
003300,Hanil Holdings Co Ltd,94,0.0012327388075293938,0.09596819988642817,2026-03-12,0.03323262839879154,2,0,0
348370,EnChem Co Ltd,239,0.009580838323353293,0.0958904109589041,2026-03-24,0.892245720040282,6,0,0
370090,Furonteer Co Ltd,142,0.007511098826091126,0.09515669515669516,2025-06-26,0.24672708962739173,3,0,0
189300,Intellian Technologies Inc,240,0.008215291988131994,0.09465020576131687,2026-03-20,0.7059415911379657,8,0,0
007700,F&F Holdings Co Ltd,115,0.008094981111710739,0.09462915601023018,2025-06-26,0.044310171198388724,3,0,0
031210,Seoul Guarantee Insurance Co,221,0.004,0.09446254071661238,2025-07-14,0.473313192346425,2,0,0
376270,HEM Pharma Inc,98,0.009529921774720883,0.09428571428571429,2026-05-11,0.5589123867069486,2,0,0
416180,Shinsung ST Co Ltd,240,0.00825386012715713,0.09405940594059406,2026-05-28,0.6122860020140987,4,0,0
018670,SK Gas Ltd,239,0.004008016032064128,0.094,2026-03-03,0.4380664652567976,4,0,0
008060,Daeduck Co Ltd,98,0.007924646781789639,0.09399477806788512,2026-03-09,0.35246727089627394,4,0,0
000250,Sam Chun Dang Pharm Co Ltd,240,0.009289381714630885,0.09398496240601503,2026-02-27,0.9627391742195368,4,0,0
017370,Wooshin Systems Co Ltd,123,0.005115089514066497,0.09379968203497616,2025-11-11,0.05840886203423968,4,0,0
028260,Samsung C&T Corp,239,0.006700167504187605,0.09361702127659574,2026-05-12,0.9315206445115811,2,0,0
056080,Yujin Robot Co Ltd,77,0.00841908325537886,0.0936,2025-06-04,0.7009063444108762,3,0,0
014680,Hansol Chemical Co Ltd,240,0.006631727474299536,0.0935483870967742,2026-05-27,0.6908358509566969,1,0,0
389650,NextBioMedical Co Ltd,240,0.008205136836435856,0.09346846846846847,2026-05-29,0.7119838872104733,4,0,0
004170,Shinsegae Inc,240,0.005937720329024677,0.09325842696629214,2026-05-13,0.67472306143001,3,0,0
137310,SD Biosensor Inc,240,0.004779143065960168,0.09325153374233129,2026-05-18,0.2588116817724068,2,0,0
019170,Shinpoong Pharmaceutical Co Ltd,160,0.007903403234929746,0.09318181818181819,2026-01-28,0.5760322255790534,4,0,0
315640,DeepNoid Inc,142,0.008186579414622138,0.09316770186335403,2025-12-30,0.24471299093655588,4,0,0
058430,Posco Steeleon Co Ltd,142,0.0061731782265144865,0.09285714285714286,2025-08-01,0.1772406847935549,1,0,0
383310,Ecopro HN Co Ltd,170,0.006018544602828374,0.09270704573547589,2026-01-29,0.4340382678751259,4,0,0
402490,Green Resource Co Ltd,77,0.007582938388625593,0.09264069264069263,2025-09-09,0.2638469284994965,3,0,0
003850,Boryung Corp,239,0.004419889502762431,0.09247311827956989,2026-04-07,0.39274924471299094,1,0,0
209640,YJ Link Co Ltd,77,0.008658008658008658,0.09246231155778895,2025-09-04,0.1903323262839879,2,0,0
450950,Asterasys Co Ltd,183,0.008994276369582993,0.09241379310344827,2025-07-04,0.3726082578046324,7,0,0
322000,HD Hyundai Energy Solutions Co Ltd,168,0.007597895967270602,0.09230769230769231,2025-08-18,0.7371601208459214,2,0,0
036800,Nice Information & Telecommunication Inc,93,0.00663716814159292,0.09219858156028368,2026-04-20,0.10574018126888217,5,0,0
443670,SPSoft Inc,142,0.005456462416273877,0.09169054441260745,2025-07-14,0.1822759315206445,3,0,0
456160,G2GBio Inc,123,0.011523687580025609,0.09157212317666126,2026-03-16,0.9687814702920443,1,0,0
241560,Doosan Bobcat Inc,240,0.00669467787114846,0.09142857142857143,2025-06-30,0.7683786505538771,5,0,0
475150,SK Eternix Co Ltd,151,0.011904761904761904,0.0913978494623656,2026-03-25,0.9395770392749244,11,0,0
475580,Alux Co Ltd,62,0.008792270531400966,0.09121338912133892,2025-07-14,0.4702920443101712,3,0,0
445090,AsicLand Co Ltd,240,0.007876379296657934,0.09108910891089109,2025-11-25,0.5427995971802618,1,0,0
004090,Korea Petroleum Industries Co,139,0.005007153075822604,0.09103139013452914,2025-06-16,0.34441087613293053,5,0,0
047810,Korea Aerospace Industries Ltd,240,0.006862745098039216,0.091,2026-03-04,0.9707955689828801,2,0,0
399720,Gaonchips Co Ltd,239,0.009363295880149813,0.09090909090909091,2026-05-21,0.7492447129909365,2,0,0
393890,W-Scope Chungju Plant Co Ltd,142,0.007831437900479552,0.09078947368421053,2025-11-17,0.41289023162134947,4,0,0
073010,KSP Co Ltd,19,0.006802721088435374,0.09071274298056156,2025-06-23,0.4310171198388721,1,0,0
204270,JNTC Co Ltd,240,0.011025478945832928,0.09054527263631816,2026-05-18,0.7311178247734139,4,0,0
144510,GC Cell Corp,239,0.007177033492822967,0.09051724137931035,2025-11-03,0.3464249748237664,2,0,0
108380,Daeyang Electric Co Ltd,98,0.009066548300124943,0.09015025041736227,2026-03-11,0.3635448136958711,2,0,0
089590,JejuAir Co Ltd,142,0.005146627565982405,0.09014084507042254,2025-06-24,0.24874118831822759,1,0,0
484120,DowooInsys Co Ltd,204,0.00759498538686356,0.09010989010989011,2026-04-30,0.3826787512588117,2,0,0
199430,KNRSystems Inc,98,0.015095199441762436,0.08997050147492626,2026-01-21,0.6737160120845922,4,0,0
098070,HanTech Ltd,156,0.009918351286213172,0.0891891891891892,2026-02-10,0.7321248741188319,5,0,0
003620,KG Mobility Corp,142,0.006079041396147015,0.0890937019969278,2025-11-21,0.256797583081571,2,0,0
014820,Dongwon Systems Corp,240,0.0037418180545346355,0.08905380333951762,2025-12-12,0.15508559919436052,2,0,0
115500,Korea Computer & Systems Inc,123,0.007785467128027681,0.08895405669599218,2025-09-15,0.23564954682779457,5,0,0
323990,VaxCell Biotherapeutics Co Ltd,142,0.005652590659779541,0.08893709327548807,2025-10-10,0.351460221550856,4,0,0
278280,Chunbo Co Ltd,240,0.008565663976522378,0.08891213389121339,2026-01-05,0.5659617321248741,4,0,0
328130,Lunit Inc,239,0.007518796992481281,0.08879492600422834,2026-05-04,0.7995971802618328,2,0,0
032350,Lotte Tour Development Co Ltd,159,0.008024691358024692,0.08873239436619719,2026-05-06,0.7583081570996979,3,0,0
240810,Wonik IPS Co Ltd,219,0.008433734939759036,0.088715953307393,2026-03-06,0.9073514602215509,4,0,0
000320,Noroo Holdings Co Ltd,220,0.007344216317284527,0.088659793814433,2026-02-05,0.23464249748237664,1,0,0
226320,It's Hanbul Co Ltd,97,0.006672226855713094,0.0886558627264061,2026-04-24,0.059415911379657606,3,0,0
016590,Shindaeyang Paper Co Ltd,92,0.009485809492701724,0.08831168831168831,2026-03-27,0.15709969788519637,7,0,0
035250,Kangwon Land Inc,240,0.003329637841832964,0.08829902491874322,2025-07-31,0.6817724068479355,2,0,0
026890,Stic Investments Inc,98,0.007808703903780304,0.0882936507936508,2026-04-29,0.17925478348439072,4,0,0
298050,HS Hyosung Advanced Materials Corp,240,0.005033783783783784,0.08823529411764706,2026-05-27,0.527693856998993,3,0,0
101490,S&S Tech Corp,240,0.007821238814317674,0.08811475409836066,2026-01-26,0.823766364551863,3,0,0
094280,Hyosung ITX Co Ltd,117,0.0007782101167315176,0.08791208791208792,2025-07-03,0.015105740181268883,1,0,0
183190,Asia Cement Co Ltd,97,0.005128205128205128,0.08760330578512397,2026-04-15,0.28700906344410876,3,0,0
365340,SungEel HiTech Co Ltd,240,0.008968629904370364,0.08756345177664974,2026-04-20,0.4944612286002014,4,0,0
229640,LS Eco Energy Ltd,230,0.007732074324896582,0.0874751491053678,2026-04-16,0.7421953675730111,5,0,0
104830,Wonik Materials Co Ltd,98,0.010448349782968522,0.08695652173913043,2026-05-11,0.5377643504531722,2,0,0
484870,MNC Solution Co Ltd,240,0.006947125697125697,0.08695652173913043,2026-03-09,0.5357502517623364,8,0,0
059090,MiCo Ltd,175,0.008849557522123894,0.08647058823529412,2026-02-12,0.7099697885196374,4,0,0
000120,CJ Logistics Corp,240,0.00459509820999678,0.08613138686131387,2026-02-11,0.5246727089627392,1,0,0
001750,Hanyang Securities Co Ltd,116,0.008383225117351099,0.08608058608058608,2026-03-12,0.32628398791540786,4,0,0
017940,E1 Corp,239,0.0037546933667083854,0.08598130841121496,2026-03-03,0.2608257804632427,2,0,0
041190,Woori Technology Investment Co Ltd,170,0.009401655438893344,0.08564231738035265,2025-07-14,0.851963746223565,2,0,0
111770,Youngone Corp,238,0.004986500291129562,0.08533653846153846,2026-01-21,0.2628398791540785,4,0,0
001820,Samwha Capacitor Co Ltd,174,0.0088160427143478,0.08529411764705883,2026-05-27,0.676737160120846,3,0,0
012510,Douzone Bizon Co Ltd,240,0.004947450548441874,0.08529411764705883,2025-11-07,0.81067472306143,1,0,0
217590,TMC Co Ltd,97,0.016877637130801686,0.08518518518518518,2026-03-24,0.8700906344410876,3,0,0
317330,Duksan Techopia Co Ltd,240,0.008203156292557879,0.08518518518518518,2026-04-22,0.6193353474320241,3,0,0
285490,NovaTech Co Ltd,123,0.0072992700729927005,0.0851528384279476,2025-08-18,0.3071500503524673,4,0,0
094820,Iljin Power Co Ltd,115,0.008729388942774006,0.08507089241034195,2025-07-23,0.4431017119838872,3,0,0
459100,Wits Co Ltd,142,0.006201923076923077,0.08505154639175258,2025-12-01,0.08962739174219536,2,0,0
084370,Eugene Technology Co Ltd,230,0.008777432917299523,0.08503937007874016,2025-09-19,0.797583081570997,2,0,0
045390,Daea TI Co Ltd,62,0.007843257874015748,0.08499095840867993,2025-08-26,0.6827794561933535,1,0,0
001800,ORION Holdings Corp,240,0.006295914592251995,0.08481262327416174,2025-07-14,0.43705941591137965,2,0,0
458650,Sungwoo Co Ltd,142,0.004707993619283942,0.08461538461538462,2025-10-28,0.1470292044310171,2,0,0
161000,Aekyung Chemical Co Ltd,142,0.010883804311333244,0.08451757666417352,2026-04-23,0.729103726082578,7,0,0
007660,Isu Petasys Co Ltd,152,0.011383219954648527,0.08430493273542601,2026-01-21,0.9818731117824774,2,0,0
039200,Oscotec Inc,240,0.00694519804666305,0.08418657565415244,2025-10-13,0.8036253776435045,2,0,0
059210,Metabiomed Co Ltd,58,0.007820503019646815,0.08403361344537816,2025-07-28,0.4108761329305136,1,0,0
112290,YCChem Co Ltd,141,0.007462686567164179,0.08372093023255814,2025-12-09,0.4743202416918429,5,0,0
001940,Kisco Holdings Corp,86,0.0038502871965906986,0.08368200836820083,2026-05-26,0.007049345417925478,2,0,0
263860,Genians Inc,123,0.004819277108433735,0.08365758754863813,2025-09-23,0.23766364551863042,4,0,0
488900,Vitzro Nextech Co Ltd,83,0.014230271668822769,0.08355795148247978,2026-03-30,0.7452165156092648,3,0,0
319400,Huyndai Movex Co Ltd,72,0.015890044426494346,0.08354430379746836,2026-05-11,0.9607250755287009,3,0,0
023160,TK Corp,175,0.00922509225092251,0.08333333333333333,2026-04-27,0.7532729103726082,2,0,0
472850,Pond Group Co Ltd,98,0.011119943472884648,0.08333333333333333,2026-05-14,0.09969788519637462,2,0,0
000390,SP Samhwa Co Ltd,19,0.00641025641025641,0.08319467554076539,2025-06-18,0.07754279959718026,1,0,0
003200,Ilshin Spinning Co Ltd,98,0.006065862440537202,0.08285714285714285,2026-04-02,0.06143001007049345,3,0,0
000500,Gaon Cable Co Ltd,222,0.006518890974115647,0.08268330733229329,2026-04-16,0.6354481369587109,11,0,0
085660,Chabiotech Co Ltd,240,0.006477993705350452,0.08265213442325159,2025-07-29,0.6858006042296072,3,0,0
373220,LG Energy Solution Ltd,240,0.006253911138923655,0.0826271186440678,2025-11-03,0.9657603222557906,2,0,0
389260,Dae Myoung Energy Co Ltd,240,0.009523809523809525,0.08260325406758448,2026-03-06,0.4521651560926485,17,0,0
060250,NHN KCP Corp,164,0.008903361308954175,0.0824014125956445,2025-11-27,0.8418932527693856,6,0,0
061090,Sena Technologies Inc,97,0.007772020725388601,0.0821917808219178,2026-05-08,0.4501510574018127,1,0,0
092790,Nexteel Co Ltd,152,0.010059744586068509,0.08205128205128205,2026-04-14,0.7724068479355488,4,0,0
114840,IFamilySC Co Ltd,240,0.005935723890807473,0.08196721311475409,2025-09-30,0.324269889224572,1,0,0
002840,Miwon Commercial Co Ltd,233,0.0012626262626262627,0.08181818181818182,2026-02-12,0.00906344410876133,1,0,0
017860,DS Dansuk Co Ltd,240,0.00684158518826709,0.0815347721822542,2026-03-09,0.6132930513595166,4,0,0
086390,UniTest Inc,160,0.008351138902033553,0.08127853881278539,2025-06-05,0.6163141993957704,4,0,0
083450,Global Standard Technology Co Ltd,240,0.008565349767066506,0.08116883116883117,2026-05-11,0.7774420946626385,3,0,0
011070,LG Innotek Co Ltd,240,0.006880166041583221,0.08115942028985507,2026-04-07,0.9133937562940584,3,0,0
123690,Hankook Cosmetics Co Ltd,123,0.008893280632411068,0.08115942028985507,2025-11-21,0.5820745216515609,2,0,0
041020,Polaris Office Corp,54,0.0070734361514503356,0.08082408874801902,2025-07-02,0.6918429003021148,2,0,0
356860,TLB Co Ltd,146,0.011269728374991473,0.08053691275167787,2026-05-11,0.8126888217522659,2,0,0
452200,MinTech Co Ltd,19,0.008641975308641974,0.08034610630407911,2025-06-16,0.02014098690835851,1,0,0
041440,Hyundai Everdigm Corp,142,0.005348061953150834,0.08023952095808383,2025-11-26,0.32326283987915405,3,0,0
092460,Hanla IMS Co Ltd,98,0.007325477212968941,0.08004326663061113,2026-04-24,0.4612286002014099,3,0,0
086980,Showbox Corp,19,0.0109375,0.07994186046511628,2025-06-23,0.3323262839879154,1,0,0
394280,Openedges Technology Inc,240,0.009977029096477795,0.07988980716253444,2025-11-26,0.5780463242698892,5,0,0
214260,Raphas Co Ltd,142,0.005343514564136452,0.07977883096366509,2025-12-29,0.10876132930513595,2,0,0
011790,SKC Co Ltd,240,0.006806068409519326,0.07963709677419355,2026-03-18,0.9083585095669687,1,0,0
071970,HD-Hyundai Marine Engine Co Ltd,230,0.007822447415729683,0.07928642220019821,2026-05-07,0.8932527693856999,1,0,0
183300,KoMiCo Ltd,239,0.00847457627118644,0.079,2025-09-19,0.7633434038267876,5,0,0
214180,Hecto Innovation Co Ltd,123,0.004833836858006042,0.07889546351084813,2025-07-16,0.29003021148036257,3,0,0
287840,IntoCell Inc,152,0.008902155536770921,0.07889546351084813,2026-03-04,0.7643504531722054,3,0,0
012630,HDC Holdings Co Ltd,230,0.006486676016830294,0.07881773399014778,2026-03-09,0.4350453172205438,2,0,0
213420,Duk San Neolux Co Ltd,240,0.0065789929293139145,0.07874015748031496,2025-11-20,0.6958710976837865,2,0,0
009780,MSC Co Ltd,58,0.006721423840549574,0.07868852459016394,2025-07-14,0.2104733131923464,5,0,0
243070,Huons Co Ltd,94,0.004746557923353503,0.07860262008733625,2026-05-12,0.27794561933534745,1,0,0
045100,Hanyang ENG Co Ltd,97,0.010482180293501049,0.07848837209302326,2026-02-27,0.7039274924471299,1,0,0
016360,Samsung Securities Co Ltd,240,0.00515132216163144,0.07840616966580977,2025-11-24,0.8851963746223565,2,0,0
007340,DN Automotive Corp,240,0.007021940997616895,0.07832422586520947,2026-03-10,0.49244712990936557,1,0,0
041830,InBody Co Ltd,98,0.005513983371126228,0.07830687830687831,2026-05-28,0.2215508559919436,2,0,0
090430,AmorePacific Corp,240,0.004215566407684635,0.0782006920415225,2025-06-23,0.8741188318227593,1,0,0
314930,Biodyne Co Ltd,240,0.007139483279472881,0.07790697674418605,2025-06-25,0.3595166163141994,1,0,0
100790,Mirae Asset Venture Investment Co Ltd,160,0.009921367232949133,0.07780979827089338,2025-06-13,0.5558912386706949,4,0,0
078600,Daejoo Electronic Materials Co Ltd,240,0.007772072888351958,0.07751937984496124,2026-03-10,0.8388721047331319,1,0,0
086450,Dongkook Pharmaceutical Co Ltd,239,0.00468384074941452,0.0775,2025-09-22,0.5750251762336355,1,0,0
336260,Doosan Fuel Cell Co Ltd,160,0.012749659670439076,0.07743362831858407,2025-06-30,0.8972809667673716,8,0,0
003690,Korean Reinsurance Co,240,0.003484362859362859,0.07728813559322034,2026-02-23,0.3554884189325277,1,0,0
003920,Namyang Dairy Products Co Ltd,227,0.0010416666666666667,0.07722772277227723,2025-12-10,0.0866062437059416,1,0,0
362320,ChungdamGlobal Co Ltd,51,0.0098159509202454,0.07717750826901874,2025-08-13,0.37462235649546827,2,0,0
003490,Korean Air Lines Co Ltd,240,0.0046783689728381005,0.07708779443254818,2025-09-22,0.9335347432024169,1,0,0
002350,Nexen Tire Corp,123,0.0037313432835820895,0.07681755829903979,2025-11-24,0.06847935548841894,1,0,0
039440,STI Co Ltd,240,0.006467263725290296,0.07676348547717843,2025-11-14,0.7442094662638469,2,0,0
121600,Advanced Nano Products Co Ltd,240,0.0069456672495929565,0.07671232876712329,2025-10-28,0.6314199395770392,2,0,0
358570,GI Innovation Inc,240,0.0089607173514318,0.07657992565055761,2026-02-09,0.8217522658610272,4,0,0
108490,Robotis Co Ltd,146,0.011520624067597492,0.07627118644067797,2026-03-04,0.972809667673716,2,0,0
441270,Fine M-Tec Co Ltd,117,0.0081799591002045,0.076,2026-03-09,0.6717019133937563,1,0,0
460860,Dongkuk Steel Mill Co Ltd,240,0.005546327057954966,0.0758082497212932,2026-04-03,0.44410876132930516,5,0,0
126340,VinaTech Co Ltd,88,0.01719550650374458,0.0749375520399667,2026-04-14,0.8408862034239678,3,0,0
241770,Mecaro Co Ltd,98,0.007891571262651402,0.07475083056478406,2026-03-17,0.38972809667673713,1,0,0
000720,Hyundai Engineering & Construction Co Ltd,201,0.009142053445850914,0.07466666666666667,2025-10-27,0.9838872104733132,1,0,0
007160,Sajo Industries Co Ltd,236,0.007130328681461145,0.0745697896749522,2025-09-08,0.20241691842900303,4,0,0
225570,Nexon Games Co Ltd,240,0.0050335712174316965,0.0744595676541233,2026-01-08,0.48539778449144005,1,0,0
218410,RFHIC Corp,239,0.009221311475409836,0.07429420505200594,2026-03-06,0.7784491440080564,8,0,0
103140,Poongsan Corp,230,0.008387723971641184,0.07421875,2026-04-27,0.9154078549848943,4,0,0
006040,Dongwon Industries Co Ltd,240,0.00602064635861449,0.07421383647798742,2026-05-11,0.40080563947633435,4,0,0
361610,SK IE Technology Co Ltd,239,0.007142857142857143,0.07418397626112759,2026-01-08,0.5921450151057401,1,0,0
119610,Interojo Co Ltd,119,0.0015113350125944584,0.07407407407407407,2025-09-24,0.1732124874118832,1,0,0
489500,LK Chem Co Ltd,123,0.0048543689320388345,0.07391304347826087,2025-12-24,0.21852970795568982,3,0,0
067160,Soop Co Ltd,240,0.004092799910661939,0.07384230287859825,2026-03-10,0.4602215508559919,1,0,0
488280,S2W Inc,98,0.012676627420378998,0.07370517928286853,2026-05-22,0.6888217522658611,7,0,0
072710,Nongshim Holdings Co Ltd,98,0.004136575433148,0.07356076759061833,2026-03-09,0.2648539778449144,1,0,0
069960,Hyundai Department Store Co Ltd,240,0.005053939550668697,0.07334525939177101,2026-05-06,0.47532729103726085,2,0,0
171090,Sunic System Co Ltd,237,0.008792965627498001,0.0730050933786078,2026-03-05,0.6243705941591138,4,0,0
268280,Miwon Specialty Chemical Co Ltd,221,0.0006825938566552901,0.072992700729927,2026-01-21,0.002014098690835851,5,0,0
008490,Suheung Co Ltd,98,0.0042418244793306645,0.0728476821192053,2026-05-15,0.1510574018126888,3,0,0
101360,Eco&Dream Co Ltd,240,0.007489206625880512,0.0728476821192053,2026-05-26,0.5478348439073515,3,0,0
010130,Korea Zinc Inc,240,0.007589421033949717,0.07261146496815286,2025-12-15,0.8992950654582075,4,0,0
017810,Pulmuone Corporate,160,0.005134930560951219,0.07249255213505462,2025-08-20,0.337361530715005,1,0,0
382900,Bumhan Fuel Cell Co Ltd,153,0.010622154779969651,0.07241379310344828,2026-05-22,0.5850956696878147,6,0,0
047310,PowerLogics Co Ltd,19,0.004347826086956522,0.07228915662650602,2025-06-13,0.18328298086606243,1,0,0
196170,Alteogen Inc,238,0.006342523063720231,0.07227332457293036,2026-03-10,0.9929506545820745,2,0,0
060720,KH Vatec Co Ltd,47,0.005535055350553505,0.0721370604147881,2026-01-12,0.40483383685800606,1,0,0
337930,XexyMix Corp,142,0.005739465385324889,0.07197549770290965,2025-07-22,0.18731117824773413,3,0,0
452190,HBL Corp,123,0.008992805755395683,0.07191011235955057,2025-11-25,0.31722054380664655,2,0,0
078930,GS Holdings Corp,240,0.005697485806974858,0.07180020811654526,2025-06-17,0.7109768378650554,4,0,0
009470,Samwha Electric Co Ltd,142,0.006030156844682553,0.07178217821782178,2025-10-13,0.37865055387714,2,0,0
002710,TCC Steel Corp,239,0.006857142857142857,0.07172995780590717,2026-04-29,0.5568982880161127,3,0,0
065710,Seoho Electric Co Ltd,122,0.0046260642621828605,0.07172995780590717,2025-08-29,0.21450151057401812,2,0,0
458870,Seers Co Ltd,107,0.012135922330097087,0.07165861513687612,2026-03-04,0.8167170191339376,3,0,0
388050,G2Power Co Ltd,62,0.00997128254561155,0.07151819322459223,2025-07-28,0.6032225579053374,1,0,0
170900,Dong-A ST Co Ltd,240,0.0034702244439746835,0.07134767836919592,2025-08-04,0.25579053373615307,2,0,0
475430,Kistron Co Ltd(Gyeonggi-do),123,0.00539568345323741,0.07127659574468086,2025-12-17,0.15307150050352467,2,0,0
013030,HY-Lok Corp,98,0.006470642416934619,0.07111756168359942,2026-03-09,0.5015105740181269,1,0,0
062040,Sanil Electric Co Ltd,160,0.009908754284315325,0.07109737248840804,2026-05-06,0.9526686807653575,1,0,0
306200,Seah Steel Corp,220,0.003930827327902693,0.07103064066852367,2026-04-03,0.3152064451158107,4,0,0
211270,Asia Pacific Satellite lnc,142,0.006605464570256327,0.07093425605536333,2025-11-27,0.24169184290030213,2,0,0
064260,Danal Co Ltd,34,0.017226669963834193,0.07086614173228346,2025-06-11,0.918429003021148,3,0,0
082800,Vivozon Pharmaceutical Co Ltd,62,0.009679650203007215,0.07085561497326205,2025-07-17,0.4269889224572004,1,0,0
060370,LS Marine Solution Co Ltd,159,0.011041009463722398,0.07072691552062868,2026-05-06,0.7693856998992951,4,0,0
102940,Kolon Life Science Inc,98,0.00915134465320339,0.0706605222734255,2026-03-27,0.5367573011077543,2,0,0
002310,Asia Paper Manufacturing Co Ltd,142,0.002777777777777778,0.07062146892655367,2025-11-20,0.15911379657603222,1,0,0
047560,ESTsoft Corp,142,0.006890801901456615,0.07061503416856492,2025-07-04,0.5186304128902316,2,0,0
278470,APR Co Ltd,240,0.0073049176129087335,0.07051282051282051,2026-05-27,0.973816717019134,1,0,0
003380,Harim Holdings Co Ltd,170,0.006199649468052395,0.07032967032967033,2025-12-11,0.6012084592145015,1,0,0
474170,Lumir Inc,77,0.0076045627376425855,0.07027027027027027,2025-07-29,0.2084592145015106,2,0,0
147830,Cheryong Industrial Co Ltd,142,0.005793052531786282,0.07022900763358779,2025-08-21,0.27089627391742194,1,0,0
122640,Yest Co Ltd,240,0.007720120788302607,0.07009345794392523,2026-02-02,0.553877139979859,5,0,0
025860,Namhae Chemical Corp,142,0.004411764705882353,0.0697986577181208,2025-08-26,0.21248741188318226,1,0,0
460930,Hyundai Hyms Co Ltd,160,0.008847603875871812,0.06976744186046512,2026-05-20,0.7663645518630413,2,0,0
295310,HVM Co Ltd,218,0.009923015488073053,0.06968641114982578,2026-02-13,0.730110775427996,8,0,0
006800,Mirae Asset Securities Co Ltd,202,0.009716758457907137,0.06962025316455703,2025-09-15,0.9889224572004028,2,0,0
032640,LG Uplus Corp,239,0.004337050805452293,0.06960408684546615,2025-11-20,0.5649546827794562,1,0,0
094360,Chips&Media Inc,240,0.009705627705627705,0.06950819672131148,2025-08-20,0.5861027190332326,3,0,0
103590,Iljin Electric Co Ltd,152,0.010822485001756844,0.06927710843373494,2025-06-25,0.9355488418932527,2,0,0
476830,Rznomics Inc,98,0.011126849661697562,0.06904761904761905,2026-04-01,0.9768378650553877,2,0,0
079370,ZeusCo Ltd,170,0.006750462013619908,0.06896551724137931,2025-09-18,0.5075528700906344,2,0,0
095500,MNtech Co Ltd,237,0.008012820512820512,0.06891385767790262,2025-12-01,0.5790533736153072,5,0,0
199820,Cheil Electric Co Ltd,54,0.00760337213970293,0.06890299184043518,2025-07-02,0.6787512588116817,1,0,0
086820,Bio Solution Co Ltd,123,0.008791208791208791,0.06875,2025-08-04,0.2054380664652568,2,0,0
089980,Sang-A Frontec Co Ltd,98,0.01017241379310345,0.06875,2026-02-19,0.62134944612286,2,0,0
380550,Neurophet Inc,28,0.011081538537016142,0.06875,2026-02-02,0.8227593152064451,2,0,0
093520,Makus Inc,97,0.010416666666666666,0.06867671691792294,2026-02-24,0.4118831822759315,3,0,0
006730,Seobu T&D Co Ltd,170,0.008071544672208797,0.06867196367763904,2026-02-02,0.6727089627391742,2,0,0
378340,PhilEnergy Co Ltd,240,0.006401529810822501,0.06860706860706861,2026-03-31,0.39778449144008055,3,0,0
200880,Seoyon E Hwa Co Ltd,240,0.005164908724170693,0.06856702619414484,2025-10-22,0.4199395770392749,4,0,0
052690,KEPCO Engineering & Construction Co Inc,237,0.00862600123228589,0.0684931506849315,2026-03-09,0.9385699899295066,3,0,0
389470,Inventage Lab Inc,158,0.011653167636271063,0.06836248012718601,2026-05-04,0.8147029204431017,1,0,0
063080,Com2uS Holdings Corp,131,0.004662004662004662,0.0683453237410072,2025-07-18,0.08862034239677745,3,0,0
089010,Chemtronics Co Ltd,174,0.008835936015904945,0.0683453237410072,2026-05-11,0.7250755287009063,2,0,0
297090,CS Bearing Co Ltd,142,0.006802733680843501,0.06830601092896176,2025-06-23,0.283987915407855,2,0,0
033500,Dongsung Finetec Co Ltd,227,0.007385524372230428,0.06825938566552901,2025-08-11,0.716012084592145,2,0,0
011390,Busan Industrial Co Ltd,123,0.003236245954692557,0.06800445930880714,2025-10-20,0.16515609264853978,4,0,0
425420,TFE Co Ltd,98,0.010571013521063806,0.06796116504854369,2026-03-20,0.7875125881168177,2,0,0
039130,HanaTour Service Inc,240,0.0039603960396039604,0.06785714285714285,2026-03-24,0.500503524672709,2,0,0
290690,Solux Co Ltd,19,0.014806378132118452,0.06782608695652174,2025-06-11,0.6868076535750252,1,0,0
078350,Hanyang Digitech Co Ltd,117,0.011686143572621035,0.06776556776556776,2026-04-07,0.7220543806646526,1,0,0
192650,DreamTech Co Ltd,142,0.0048232009925558315,0.06765676567656766,2025-07-09,0.2688821752265861,3,0,0
039560,Dasan Networks Inc,19,0.01309328968903437,0.06743421052631579,2025-06-11,0.09264853977844914,1,0,0
069620,Daewoong Pharma,240,0.005381161230545017,0.06737320211960636,2026-05-21,0.56797583081571,1,0,0
011500,Hannong Chemicals Inc,167,0.005901639344262295,0.0673469387755102,2025-09-29,0.46424974823766363,2,0,0
053080,K Ensol Co Ltd,142,0.004359211161404829,0.06726457399103139,2025-11-25,0.19637462235649547,3,0,0
078160,Medipost Co Ltd,240,0.009856155426863442,0.06715806715806716,2025-06-24,0.5387713997985901,2,0,0
001120,LX International Corp,238,0.004942460102051895,0.06711409395973154,2026-03-09,0.5840886203423967,3,0,0
006400,Samsung SDI Co Ltd,240,0.007168469013714586,0.06707317073170732,2026-04-22,0.9919436052366566,1,0,0
293780,AptaBio Therapeutics Inc,19,0.009186351706036745,0.06701030927835051,2025-06-30,0.16717019133937563,1,0,0
284740,Cuckoo Homesys Co Ltd,96,0.002152855024100853,0.06695464362850972,2026-05-20,0.08559919436052367,1,0,0
243840,Shin Heung Energy & Electronics Co Ltd,19,0.007874015748031496,0.06682577565632458,2025-06-09,0.13293051359516617,1,0,0
000150,Doosan Corp,240,0.00869850601716813,0.06674473067915691,2026-01-22,0.9587109768378651,2,0,0
004560,Hyundai BNG Steel Co Ltd,142,0.003601108033240997,0.06672025723472669,2025-06-16,0.09566968781470292,1,0,0
226950,OliX Pharmaceuticals Inc,139,0.010940919037199124,0.06666666666666667,2026-03-10,0.9486404833836858,2,0,0
272290,INNOX Advanced Materials Co Ltd,239,0.006396588486140725,0.06666666666666667,2025-06-02,0.6968781470292045,2,0,0
452280,Hansun Engineering Co Ltd,77,0.010652463382157125,0.06647398843930635,2025-07-25,0.2255790533736153,2,0,0
443250,RevuCorporation Inc,141,0.005676442762535478,0.06623235613463627,2025-11-14,0.01812688821752266,1,0,0
462870,Shift Up Corp,240,0.0049342639181950984,0.06615776081424936,2025-06-16,0.5931520644511581,1,0,0
058610,SPG Co Ltd,229,0.008744038155802861,0.06615384615384616,2025-12-18,0.9204431017119838,2,0,0
068270,Celltrion Inc,240,0.004180355698465164,0.06611570247933884,2026-02-19,0.9718026183282981,1,0,0
005440,Hyundai GF Holdings Co Ltd,237,0.005405405405405406,0.06598984771573604,2025-10-20,0.4229607250755287,2,0,0
393970,Daejin Advanced Materials Inc,58,0.009056429706319511,0.0659536541889483,2025-08-22,0.35850956696878145,1,0,0
115450,HLB Therapeutics Co Ltd,142,0.0063627868061576325,0.06593406593406599,2025-11-05,0.3796576032225579,3,0,0
004800,Hyosung Corp,231,0.006982543640897756,0.06588881262868909,2025-11-11,0.5991943605236657,4,0,0
348210,Nextin Inc,240,0.007107352852033703,0.06581352833638025,2025-06-12,0.581067472306143,2,0,0
102460,Reyon Pharmaceutical Co Ltd,142,0.0031048557803675983,0.06578947368421052,2025-07-23,0.07150050352467271,3,0,0
120110,Kolon Industries Inc,240,0.006507783577375218,0.065625,2026-04-28,0.7502517623363545,2,0,0
029460,KC Co Ltd,97,0.008995502248875561,0.06559766763848396,2026-01-29,0.36253776435045315,1,0,0
003350,Hankook Cosmetics Manufacturing Co Ltd,142,0.005923283826453046,0.06551059730250482,2025-11-10,0.5216515609264853,2,0,0
005690,Pharmicell Co Ltd,152,0.007754752763772608,0.06547960941987363,2026-05-18,0.8469284994964753,1,0,0
004020,Hyundai Steel Co,240,0.006958139805110759,0.06542056074766354,2025-06-02,0.8328298086606244,1,0,0
032190,Daou Data Corp,240,0.006039440249966566,0.06540084388185655,2026-04-14,0.5518630412890232,2,0,0
336570,Won Tech Co Ltd,240,0.006007810695310695,0.06536697247706422,2026-05-11,0.6878147029204431,1,0,0
042660,Hanwha Ocean Co Ltd,220,0.00828356502071209,0.06521739130434782,2025-09-17,0.9959718026183283,3,0,0
160190,Higen RNM Co Ltd,192,0.010184306660469333,0.06521739130434782,2025-10-21,0.8429003021148036,6,0,0
478340,Nara Space Technology Inc,28,0.02180458276550566,0.06521739130434782,2026-01-27,0.9758308157099698,2,0,0
104700,KISCO Corp,90,0.005865461338888545,0.06514657980456026,2026-04-03,0.03625377643504532,1,0,0
079550,LIG Defense & Aerospace Co Ltd,240,0.008996007768666379,0.06501547987616099,2026-03-05,0.9546827794561934,5,0,0
010950,S-Oil Corp,240,0.007136490960020371,0.065,2026-03-06,0.8710976837865055,3,0,0
459510,Nau Robotics Co Ltd,156,0.012548692074402174,0.0647829083390765,2025-08-14,0.6998992950654582,3,0,0
000050,Kyungbang Ltd,119,0.004137931034482759,0.06475409836065574,2025-12-15,0.008056394763343404,2,0,0
214370,Caregen Co Ltd,210,0.00907913330193123,0.0646817248459959,2025-07-15,0.8096676737160121,4,0,0
200350,Artist Studio Inc,142,0.005577491061713042,0.06467181467181467,2025-06-27,0.094662638469285,1,0,0
060280,Curexo Inc,170,0.008619738043178296,0.06447831184056271,2025-08-05,0.6112789526686808,1,0,0
145990,Samyang Corp,115,0.002188183807439825,0.06444906444906445,2026-02-10,0.1581067472306143,1,0,0
033640,Nepes Corp,230,0.008795971247882887,0.06428571428571428,2026-04-07,0.5337361530715005,2,0,0
272450,Jin Air Co Ltd,142,0.004667501770056097,0.06428571428571428,2025-09-03,0.22054380664652568,1,0,0
000210,DL Holdings Co Ltd,240,0.0086266202719932,0.06416275430359937,2026-03-31,0.6022155085599195,1,0,0
475830,Orum Therapeutics Inc,210,0.01123399350485453,0.0641399416909621,2025-10-13,0.8892245720040282,1,0,0
270660,EveryBot Inc,240,0.00948525484242782,0.0641025641025641,2026-01-23,0.5287009063444109,2,0,0
195940,HK Inno.N Corp,240,0.006417229747119968,0.06408094435075885,2026-02-19,0.771399798590131,1,0,0
019210,YG-1 Co Ltd,123,0.0036900369003690036,0.06407766990291262,2025-11-07,0.11278952668680765,1,0,0
356680,AXGate Co Ltd,150,0.008946128869986738,0.06407766990291262,2026-05-29,0.46324269889224573,5,0,0
108860,Selvas AI Inc,240,0.0065013666078070406,0.0640625,2025-08-21,0.6294058408862034,1,0,0
006280,GC Biopharma Corp,240,0.004661096731076806,0.06402640264026403,2026-03-11,0.6364551863041289,1,0,0
383800,LX Holdings Corp,160,0.005506634645707494,0.06387665198237885,2026-05-18,0.44813695871097686,1,0,0
099190,I Sens Inc,237,0.00655933214072749,0.06382978723404255,2026-02-12,0.4219536757301108,1,0,0
095610,Tes Co Ltd,218,0.00784572217064125,0.06376811594202898,2026-02-04,0.7844914400805639,7,0,0
005070,Cosmo Advanced Materials & Technology Co Ltd,159,0.008888888888888889,0.06365503080082136,2025-08-14,0.8761329305135952,2,0,0
105840,Woojin Inc,105,0.011304347826086957,0.06364513018322084,2025-06-18,0.7129909365558912,2,0,0
001460,BYC Co Ltd,95,0.005454545454545455,0.06363636363636363,2026-03-30,0.04632426988922457,2,0,0
013580,Kye-Ryong Construction Industrial Co Ltd,122,0.005335594412102286,0.06356968215158924,2025-12-05,0.3907351460221551,2,0,0
000880,Hanwha Corp,240,0.007751960988695891,0.06341463414634146,2026-04-13,0.9063444108761329,2,0,0
036830,SoulBrain Holdings Co Ltd,240,0.007599822879365446,0.06341463414634146,2026-03-11,0.5488418932527693,2,0,0
012750,S1 Corp,240,0.004005518952682467,0.06333333333333334,2026-04-08,0.10976837865055387,1,0,0
339770,Kyochon Food&Beverage Co Ltd,142,0.006084021671551648,0.0632688927943761,2025-07-07,0.0986908358509567,2,0,0
053690,HanmiGlobal Co Ltd,142,0.0056234629148667475,0.06310679611650485,2025-08-06,0.499496475327291,2,0,0
077970,STX Engine Co Ltd,172,0.008568946212348338,0.06303236797274275,2026-04-27,0.8177240684793555,2,0,0
005870,Huneed Technologies,123,0.004975124378109453,0.06292134831460675,2025-08-26,0.2719033232628399,1,0,0
053280,Yes 24 Co Ltd,19,0.0071090047393364926,0.0628997867803838,2025-06-26,0.22658610271903323,1,0,0
222080,Creative & Innovative System Corp,167,0.006435006435006435,0.06289308176100629,2026-01-26,0.4914400805639476,2,0,0
081660,Misto Holdings Corp,238,0.004834615261025406,0.06283422459893048,2025-07-02,0.2326283987915408,1,0,0
294870,IPark Hyundai Development Co,240,0.004825097491414935,0.06279069767441861,2025-12-12,0.594159113796576,1,0,0
271560,Orion Corp,240,0.004434611602753196,0.0627420604182804,2026-03-30,0.6072507552870091,2,0,0
394800,3Billion Inc,160,0.008356108440926083,0.06272401433691756,2026-02-02,0.608257804632427,1,0,0
316140,Woori Financial Group Inc,240,0.004511288396830565,0.0627062706270627,2026-01-29,0.8811681772406847,1,0,0
190510,Namuga Co Ltd,114,0.007998090889409356,0.06269592476489028,2026-05-14,0.4813695871097684,2,0,0
009520,Posco M-Tech Co Ltd,202,0.008755663391909852,0.06260504201680672,2026-04-17,0.6898288016112789,2,0,0
206650,EuBiologics Co Ltd,170,0.004629640655103679,0.06259904912836767,2026-02-02,0.5065458207452165,1,0,0
432470,KNS Co Ltd,139,0.005628517823639775,0.06255212677231026,2025-09-29,0.04229607250755287,2,0,0
097230,HJ ShipBuilding & Construction Co Ltd,77,0.010416666666666666,0.0625,2025-08-04,0.8590130916414904,2,0,0
005290,Dongjin Semichem Co Ltd,240,0.007167758389754317,0.06241699867197875,2025-09-16,0.877139979859013,2,0,0
010060,OCI Holdings Co Ltd,240,0.008253110525837798,0.06228373702422145,2025-07-04,0.837865055387714,3,0,0
044490,Taewoong Co Ltd,221,0.011450381679389313,0.062264150943396226,2026-04-16,0.8368580060422961,4,0,0
005250,Green Cross Holdings,240,0.005179670338883579,0.0622568093385214,2026-05-19,0.19234642497482377,2,0,0
095660,Neowiz,240,0.005719779860267978,0.06209150326797386,2026-01-28,0.33434038267875127,2,0,0
083650,BHI Co Ltd,150,0.011104260857651732,0.062,2026-05-07,0.9415911379657603,1,0,0
267980,Maeil Dairies Co Ltd,238,0.0013869625520110957,0.061971830985915494,2026-05-18,0.032225579053373615,3,0,0
036200,Unisem Co Ltd,117,0.008620689655172414,0.06184668989547038,2026-04-21,0.6203423967774421,2,0,0
058470,Leeno Industrial Inc,240,0.007783784147671428,0.061837455830388695,2025-11-07,0.8982880161127895,2,0,0
484810,TXR Robotics Co Ltd,156,0.01090306060023422,0.061815840309079204,2026-04-03,0.5115810674723061,1,0,0
463480,MotiveLink Co Ltd,85,0.007142857142857143,0.06166666666666667,2025-07-31,0.2729103726082578,1,0,0
032830,Samsung Life Insurance Co Ltd,240,0.006498820076127527,0.061601642710472276,2026-02-23,0.8257804632426989,2,0,0
254490,Mirai Semiconductors Co Ltd,54,0.008237891853294873,0.061548223350253804,2025-06-25,0.4904330312185297,3,0,0
388720,YuilRobotics Co Ltd,239,0.009198423127463863,0.0614406779661017,2026-01-28,0.8187311178247734,3,0,0
000970,Korea Castiron Pipe Ind Co Ltd,122,0.0027322608338621176,0.06141522029372497,2025-12-23,0.050352467270896276,1,0,0
365330,SYSteel Tech Co Ltd,77,0.008602150537634308,0.06137184115523467,2025-08-18,0.4874118831822759,3,0,0
105630,Hansae Co Ltd,240,0.003824123234747607,0.061243144424131625,2026-04-03,0.2598187311178248,1,0,0
033100,Cheryong Electric Co Ltd,240,0.007252952471132855,0.06105610561056106,2026-02-05,0.7895266868076536,2,0,0
439260,Daehan Shipbuilding Co Ltd,132,0.008503787878787878,0.060903732809430254,2026-03-03,0.8962739174219537,1,0,0
094480,GalaxiaMoneyTree Co Ltd,82,0.009285699505452438,0.06089309878213803,2025-06-19,0.7472306143001007,1,0,0
069260,TKG Huchems Co Ltd,240,0.003489707780522851,0.060849598163030996,2026-03-09,0.2094662638469285,1,0,0
036890,Jinsung TEC,221,0.007432818753573471,0.060836501901140684,2026-04-03,0.4652567975830816,4,0,0
009900,Myoung Shin Industrial Co Ltd,240,0.006093847479278691,0.060654429369513166,2026-04-23,0.4259818731117825,2,0,0
271980,Jeil Pharmaceutical Co Ltd,123,0.005555555555555556,0.060625,2025-12-12,0.08761329305135952,2,0,0
002240,Kiswire Co Ltd,98,0.009389723102355696,0.06060606060606061,2026-04-03,0.31319234642497484,3,0,0
029780,Samsung Card Co Ltd,240,0.004036331052460085,0.06049149338374291,2025-11-19,0.34944612286002014,1,0,0
025900,Dongwha Enterprise Co Ltd,240,0.007889063003589727,0.06046511627906977,2026-01-05,0.3564954682779456,5,0,0
045970,CoAsia Corp,19,0.022020725388601035,0.06036745406824147,2025-06-12,0.04833836858006042,1,0,0
028100,Dong-Ah Geological Engineering Co Ltd,140,0.0040846168146781645,0.060335195530726256,2025-12-09,0.12084592145015106,2,0,0
323280,Taesung Co Ltd,230,0.011348088531187123,0.060240963855421686,2025-10-13,0.904330312185297,5,0,0
090460,BH Co Ltd,152,0.007253493462034907,0.06017191977077364,2026-04-27,0.7200402819738168,1,0,0
092870,Exicon Co Ltd,77,0.008571428571428572,0.060146149522203485,2025-09-19,0.29204431017119836,1,0,0
481070,AU Brandz Co Ltd,219,0.004728132387706856,0.06012024048096192,2025-09-16,0.162134944612286,8,0,0
063170,Seoul Auction Co Ltd,62,0.007808844756358568,0.059893048128342244,2025-06-11,0.40584088620342396,2,0,0
042370,Vitzro Tech Co Ltd,62,0.006017635326233272,0.059782608695652176,2025-07-22,0.43303121852970794,1,0,0
338220,Vuno Inc,240,0.007389341875364007,0.059782608695652176,2025-07-11,0.5498489425981873,1,0,0
114190,Kangwon Energy Co Ltd,117,0.013107170393215111,0.05966930265995687,2026-04-13,0.6414904330312186,4,0,0
145020,Hugel Inc,240,0.005278845618140286,0.0595446584938704,2026-02-12,0.7361530715005036,1,0,0
089970,VM Inc,103,0.010948905109489052,0.05952380952380952,2026-01-07,0.8499496475327291,2,0,0
002020,Kolon Corp,160,0.007982015436143877,0.0594679186228482,2026-03-27,0.7079556898288016,1,0,0
473980,Knowmerce Corp,240,0.007326011257905652,0.05945945945945946,2025-08-20,0.5548841893252769,1,0,0
161580,Philoptics Co Ltd,240,0.009769744691004533,0.059420289855072465,2025-07-22,0.878147029204431,1,0,0
011200,HMM Co Ltd,240,0.005726136218109402,0.05925925925925926,2026-03-03,0.9224572004028198,2,0,0
002810,Samyung Trading Co Ltd,94,0.0038527598488546583,0.059113300492610835,2026-02-13,0.05740181268882175,1,0,0
003220,Daewon Pharmaceutical Co Ltd,239,0.0030234315948601664,0.058876003568242644,2026-02-05,0.14602215508559918,1,0,0
195870,Haesung DS Co Ltd,239,0.008631319358816275,0.058823529411764705,2025-10-30,0.7915407854984894,3,0,0
214450,PharmaResearch Co Ltd,230,0.0070499371037923515,0.058823529411764705,2026-02-09,0.9264853977844915,1,0,0
237690,ST Pharm Co Ltd,240,0.006455845186415134,0.058823529411764705,2025-09-03,0.8439073514602216,1,0,0
487570,HS Hyosung Corp,139,0.0078125,0.058823529411764705,2025-11-19,0.4390735146022155,2,0,0
234340,Hecto Financial Co Ltd,52,0.013997583081571032,0.05869074492099327,2025-06-12,0.7331319234642497,4,0,0
010140,Samsung Heavy Industries Co Ltd,240,0.007299367299367299,0.05845181674565561,2025-10-30,0.9869083585095669,1,0,0
030520,HanCom Inc,240,0.005927389840433318,0.0583756345177665,2026-05-22,0.6616314199395771,2,0,0
461030,IMBDX Inc,77,0.006362672322375398,0.058365758754863814,2025-08-22,0.12789526686807653,1,0,0
013890,Zinus Inc,238,0.002501042535446205,0.05834829443447038,2026-05-22,0.16414904330312186,1,0,0
096530,Seegene Inc,239,0.0056179775280898875,0.058084772370486655,2026-05-18,0.6606243705941591,1,0,0
114810,Hansol IOnes Co Ltd,117,0.007834757834757835,0.058011049723756904,2026-02-13,0.6475327291037261,1,0,0
317690,QuantaMatrix Inc,19,0.007451564828614009,0.05787348586810229,2025-06-02,0.06948640483383686,1,0,0
253590,Neosem Inc,169,0.006653992395437262,0.057676685621445976,2026-01-07,0.6374622356495468,3,0,0
357550,Sukgyung AT Co Ltd,98,0.008424892825710472,0.05762081784386617,2026-04-16,0.23867069486404835,1,0,0
036460,Korea Gas Corp,240,0.004252476341644733,0.057579318448883664,2025-08-08,0.8056394763343404,1,0,0
003090,Daewoong Co Ltd,240,0.00703400732262427,0.05752961082910321,2026-02-23,0.4471299093655589,1,0,0
281740,Lake Materials Co Ltd,170,0.006744799663357103,0.05748031496062992,2025-07-31,0.6505538771399798,3,0,0
217270,Neptune Co,123,0.0058823529411764705,0.05737704918032787,2025-10-21,0.11178247734138973,2,0,0
251970,Pum Tech Korea Co Ltd,240,0.005206808695180788,0.05733333333333333,2025-08-08,0.40886203423967776,1,0,0
003070,Kolon Global Corp,141,0.0041841004184100415,0.05705996131528046,2025-07-07,0.02920443101711984,1,0,0
000270,Kia Corp,240,0.004856334263590268,0.05705394190871369,2025-06-16,0.9536757301107754,1,0,0
030190,Nice Information Service Co Ltd,230,0.0012975228802566932,0.05702647657841141,2025-08-19,0.09063444108761329,1,0,0
035150,Baiksan Co Ltd,206,0.0,0.05698401667824878,2026-03-31,0.02416918429003021,2,0,0
042520,Hans Biomed Corp,88,0.012066392458049722,0.05698324022346369,2026-02-03,0.7210473313192346,2,0,0
091120,EM-Tech Co Ltd,142,0.007223171786030149,0.05672009864364982,2025-11-26,0.21148036253776434,1,0,0
456070,ENCell Co Ltd,142,0.008641346773919832,0.056695992179863146,2025-08-21,0.3544813695871098,1,0,0
000240,Hankook & Company Co Ltd,240,0.00606070500079585,0.056338028169014086,2026-03-04,0.338368580060423,2,0,0
382150,OnCoCross Co Ltd,123,0.008629989212513484,0.056338028169014086,2025-08-04,0.3877139979859013,2,0,0
035760,CJ ENM Co Ltd,240,0.005047770700636943,0.05625879043600562,2025-09-08,0.5226586102719033,1,0,0
282720,Kumyang Green Power Co Ltd,142,0.006009027081243731,0.05614973262032086,2025-10-16,0.14098690835850958,2,0,0
479960,Winners Elec Co Ltd,123,0.003980099502487562,0.056140350877192984,2025-07-16,0.012084592145015106,2,0,0
101530,Haitai Confectionery and Foods Co Ltd,62,0.005468341182626897,0.05609756097560976,2025-07-03,0.11883182275931521,1,0,0
483650,d'Alba Global Co Ltd,240,0.00740745256791689,0.056010928961748634,2025-12-30,0.9013091641490433,1,0,0
323410,KakaoBank Corp,236,0.005426392087083945,0.055900621118012424,2026-03-10,0.8559919436052367,1,0,0
089030,TechWing Inc,170,0.007379597742879074,0.05580693815987934,2025-06-30,0.9023162134944612,1,0,0
054450,TeleChips Inc,19,0.007580978635423846,0.05567300916138125,2025-06-24,0.30916414904330314,1,0,0
032820,Woori Technology Inc,14,0.00958414554905783,0.05555555555555555,2026-01-20,0.8942598187311178,1,0,0
035720,Kakao Corp,202,0.006797181797181797,0.05555555555555555,2026-04-06,0.9899295065458208,1,0,0
039860,NanoEnTek Inc,19,0.012640449438202247,0.05555555555555555,2025-06-12,0.1228600201409869,1,0,0
192400,Cuckoo Holdings Co Ltd,97,0.0035149384885764497,0.05555555555555555,2026-01-28,0.1419939577039275,1,0,0
249420,Il Dong Pharmaceutical Co Ltd,149,0.009554140127388535,0.05555555555555555,2026-02-02,0.783484390735146,1,0,0
274090,Kencoa Aerospace Corp,142,0.006483282393257387,0.05555555555555555,2025-08-01,0.3293051359516616,1,0,0
023530,Lotte Shopping Co Ltd,240,0.004924063367392701,0.05549263873159683,2026-05-27,0.5146022155085599,1,0,0
028670,Pan Ocean Co Ltd,170,0.004947450548441874,0.055415617128463476,2025-06-17,0.6545820745216515,1,0,0
016800,Fursys Inc,78,0.0,0.05526315789473684,2026-03-19,0.0010070493454179255,2,0,0
232140,YC Corp,170,0.007964163247507483,0.05525846702317291,2026-01-07,0.7673716012084593,3,0,0
208370,Selvas Healthcare Inc,123,0.006857142857142857,0.05524079320113314,2025-11-05,0.10775427995971802,1,0,0
388210,CMTX Co Ltd,98,0.010911551611852817,0.05505341002465078,2026-05-18,0.879154078549849,2,0,0
057050,Hyundai Home Shopping Network Corp,106,0.0012887368386089613,0.05503355704697987,2026-02-12,0.09164149043303121,1,0,0
042000,Cafe24 Corp,240,0.005762028712200693,0.05496828752642706,2026-05-12,0.5911379657603223,2,0,0
025980,Ananti Inc,132,0.008096187459034301,0.054922279792746116,2025-10-20,0.8580060422960725,2,0,0
035510,Shinsegae Information & Communication Inc,142,0.005683739754392569,0.054906542056074766,2025-11-21,0.459214501510574,1,0,0
136490,Sunjin Co Ltd,123,0.004516711833785004,0.054814814814814816,2025-07-08,0.3252769385699899,1,0,0
122870,YG Entertainment Inc,239,0.005296610169491525,0.05473684210526316,2025-11-03,0.8016112789526687,1,0,0
469610,Innotech Co Ltd,98,0.01000016000256004,0.05466237942122187,2026-04-23,0.6324269889224572,1,0,0
403870,HPSP Co Ltd,170,0.007163456111002782,0.054613935969868174,2025-08-01,0.8479355488418933,1,0,0
480370,CK Solution Co Ltd,123,0.007174887892376659,0.054545454545454605,2025-10-31,0.1299093655589124,1,0,0
028050,Samsung E&A Co Ltd,240,0.006237033195020747,0.05448717948717949,2026-05-08,0.8136958710976838,1,0,0
003160,DI Corp,175,0.007716049382716049,0.054455445544554455,2026-04-07,0.8157099697885196,1,0,0
466100,Clobot Co Ltd,152,0.010083884087442806,0.05445026178010471,2026-03-30,0.9123867069486404,2,0,0
001740,SK Networks Co Ltd,142,0.004359736467591834,0.05444444444444444,2025-08-01,0.3021148036253776,1,0,0
099320,SatrecInitiativeCo Ltd,229,0.008849557522123894,0.054411764705882354,2025-12-23,0.7945619335347432,1,0,0
228760,Genomictree Inc,240,0.008658008658008658,0.05416666666666667,2025-11-18,0.6263846928499497,1,0,0
060590,CTC Bio Inc,19,0.005970149253731343,0.05401459854014599,2025-06-13,0.04934541792547835,1,0,0
006360,GS Engineering & Construction Corp,240,0.0052870787317719475,0.053864168618266976,2026-04-16,0.7593152064451159,1,0,0
003530,Hanwha Investment&Securities Co Ltd,54,0.009624393526847571,0.05385996409335727,2025-06-12,0.8831822759315207,1,0,0
010690,Hwashin Co Ltd,159,0.007168458781362007,0.05384615384615385,2026-03-05,0.6052366565961732,2,0,0
086520,Ecopro Co Ltd,199,0.007882882882882882,0.05382131324004306,2025-07-17,0.9909365558912386,3,0,0
368770,FiberPro Inc,142,0.008051550669017736,0.05364995602462621,2025-12-22,0.2849949647532729,1,0,0
453340,Hyundai Green Food Co Ltd,239,0.0012953367875647669,0.053561568194367755,2026-05-14,0.07351460221550855,1,0,0
123330,Genic Co Ltd,142,0.006999387630128598,0.053488372093023255,2025-06-20,0.42799597180261834,1,0,0
457550,WoojinNTec Inc,62,0.0122400671181159,0.05341246290801187,2025-06-25,0.743202416918429,1,0,0
003550,LG Corp,240,0.005294527819922982,0.053409090909090906,2025-06-24,0.7391742195367573,2,0,0
102120,Abov Semiconductor Co Ltd,77,0.005668016194331984,0.05335628227194492,2025-06-23,0.4783484390735146,1,0,0
128940,Hanmi Pharm Co Ltd,240,0.00687371334075799,0.05333333333333334,2025-09-23,0.9244712990936556,1,0,0
131290,TSE Co Ltd,236,0.007382545763381574,0.05330882352941176,2026-04-06,0.5689828801611279,3,0,0
034020,Doosan Enerbility Co Ltd,230,0.009034515829532817,0.05325443786982249,2025-06-30,0.9979859013091642,2,0,0
002320,Hanjin Logistics Corp,98,0.0032570148147712504,0.05321507760532151,2026-02-11,0.15206445115810674,1,0,0
418550,Jeio Co Ltd,142,0.007453703703703704,0.05314685314685315,2025-11-27,0.2175226586102719,1,0,0
018310,Sammok S-Form Co Ltd,89,0.0010198878123406426,0.053061224489795916,2026-01-08,0.011077542799597181,1,0,0
206560,Dexter Studios Co Ltd,140,0.004716954909580116,0.0528169014084507,2025-08-14,0.12588116817724068,1,0,0
424960,Smart Radar System Inc,77,0.006747638326585695,0.05281285878300804,2025-09-11,0.3202416918429003,1,0,0
064290,Intekplus Co Ltd,19,0.003293084522502744,0.052740434332988625,2025-06-11,0.08459214501510574,1,0,0
007860,Seoyon Co Ltd,123,0.006593406593406593,0.05263157894736842,2025-12-02,0.1863041289023162,1,0,0
078140,DaebongLS Co Ltd,142,0.005303179439734015,0.05263157894736842,2025-09-16,0.17623363544813697,1,0,0
290670,Daebo Magnetic Co Ltd,122,0.006789574324105022,0.05259203606311044,2025-12-26,0.06747230614300101,1,0,0
088350,Hanwha Life Insurance Co Ltd,170,0.0056116877367307786,0.052562417871222074,2025-07-10,0.6042296072507553,1,0,0
043150,Value Added Technology Co Ltd,116,0.004640396210163652,0.052521008403361345,2026-03-04,0.2406847935548842,1,0,0
023590,Daou Technology Inc,221,0.00625,0.0524390243902439,2026-05-13,0.5156092648539778,1,0,0
194480,Devsisters Corp,240,0.007218989242241882,0.05241935483870968,2026-04-21,0.46727089627391744,1,0,0
028300,HLB Inc,240,0.007408351137158053,0.05235602094240838,2025-08-28,0.9345417925478349,2,0,0
474650,LincSolution Co Ltd,123,0.009900990099009901,0.052083333333333336,2025-10-16,0.6334340382678751,1,0,0
020000,Handsome Corp,98,0.005924122734253032,0.05206463195691203,2026-05-15,0.4078549848942598,1,0,0
055550,Shinhan Financial Group Co Ltd,240,0.004995049860677531,0.05190677966101695,2026-04-08,0.8549848942598187,1,0,0
286940,Lotte Innovate Co Ltd,238,0.004656634212980029,0.0515695067264574,2026-05-15,0.20040281973816718,1,0,0
289930,Wavice Inc,123,0.007760532150776054,0.05148741418764302,2025-08-13,0.10372608257804633,1,0,0
049070,Intops Co Ltd,237,0.005780346820809248,0.05137614678899083,2025-12-30,0.3333333333333333,1,0,0
020560,Asiana Airlines Inc,239,0.0041109969167523125,0.051347881899871634,2026-05-15,0.32124874118831825,1,0,0
031980,PSK Holdings Inc,240,0.007433979394465717,0.05130890052356021,2026-03-05,0.8086606243705942,1,0,0
064090,InkredibleBuzz Inc,19,0.010769230769230769,0.05128205128205128,2025-06-16,0.07049345417925479,1,0,0
396470,Wot Co Ltd,142,0.006443341769461217,0.05119047619047619,2025-08-07,0.21550855991943604,1,0,0
432720,Qualitas Semiconductor Co Ltd,142,0.007845950345950346,0.05113221329437546,2025-12-16,0.4954682779456193,1,0,0
475960,Tomocube Inc,175,0.009615384615384616,0.050933786078098474,2026-04-02,0.7814702920443102,1,0,0
039490,Kiwoom Securities Co Ltd,240,0.007263922518159807,0.050808314087759814,2025-07-30,0.8801611278952669,1,0,0
439090,Manyo Factory Co Ltd,240,0.004889726067751716,0.05071428571428571,2026-04-24,0.3403826787512588,1,0,0
024720,Kolmar Holdings Co Ltd,149,0.0078003120124804995,0.050620821394460364,2026-05-13,0.3474320241691843,1,0,0
012450,Hanwha AeroSpace Co Ltd,231,0.0067039106145251395,0.05053191489361702,2026-03-04,0.9879154078549849,1,0,0
214420,Tonymoly Co Ltd,62,0.009891113515047262,0.0504364694471387,2025-08-20,0.6535750251762337,1,0,0
065450,Victek Co Ltd,19,0.009685230024213076,0.05042918454935622,2025-06-23,0.48942598187311176,1,0,0
298040,Hyosung Heavy Industries Corp,230,0.007456913994804039,0.05026328386787937,2025-11-20,0.959718026183283,1,0,0
140410,Mezzion Pharma Co Ltd,189,0.007889546351084813,0.04983012457531144,2025-12-22,0.824773413897281,0,0,0
298020,Hyosung TNC Corp,240,0.0047619317569827496,0.04979811574697174,2026-02-02,0.5609264853977844,0,0,0
475560,The Born Korea Co Ltd,240,0.004140804499159836,0.049586776859504134,2026-02-24,0.26686807653575023,0,0,0
074600,Wonik QnC Corp,240,0.006881407296919762,0.04956896551724138,2025-09-19,0.7351460221550856,0,0,0
139130,iM Financial Group Co Ltd,240,0.004199846396378188,0.049343832020997375,2026-05-06,0.4823766364551863,0,0,0
005300,Lotte Chilsung Beverage Co Ltd,240,0.003984316713494293,0.049315068493150684,2025-12-12,0.3363544813695871,0,0,0
389140,4By4 Inc,58,0.009482311443095717,0.04923076923076931,2025-09-12,0.595166163141994,0,0,0
036810,Fine Semitech Corp,240,0.009478726211934928,0.04900181488203266,2025-12-05,0.7905337361530715,0,0,0
158430,Aton Inc,53,0.008557457212713936,0.04895833333333333,2025-07-08,0.6102719033232629,0,0,0
051900,LG H&H Co Ltd,240,0.0036496350364963502,0.04895104895104895,2025-10-01,0.7865055387713998,0,0,0
381620,Zenix Robotics Co Ltd,76,0.006835349831615852,0.04895104895104895,2025-09-16,0.14501510574018128,0,0,0
079430,Hyundai Livart Furniture Co Ltd,18,0.002511818001204664,0.04880952380952381,2025-06-25,0.010070493454179255,0,0,0
043370,PHA Co Ltd,98,0.005179430144570745,0.048513302034428794,2026-03-18,0.20644511581067473,0,0,0
036930,Jusung Engineering Co Ltd,170,0.006493506493506494,0.048494983277591976,2025-11-18,0.8006042296072508,0,0,0
000490,Daedong Corp,170,0.004987532412741814,0.04841897233201581,2026-01-26,0.3957703927492447,0,0,0
034950,Korea Ratings Corp,217,0.0,0.048323471400394474,2025-07-18,0.03121852970795569,0,0,0
009150,Samsung Electro-Mechanics Co Ltd,240,0.007328490935048312,0.04826732673267327,2026-02-23,0.9778449144008057,0,0,0
011780,Kumho Petro Chemical Co Ltd,240,0.00450459590528174,0.048239895697522815,2026-03-03,0.6948640483383686,0,0,0
068290,Samsung Publishing Co Ltd,142,0.004387720797501457,0.04807184363444268,2025-11-18,0.14803625377643503,0,0,0
051980,Joongang Advanced Materials Co Ltd,19,0.008403361344537815,0.048,2025-06-25,0.6435045317220544,0,0,0
067080,Dae Hwa Pharm Co Ltd,240,0.005360139417495602,0.04797843665768194,2026-02-27,0.5055387713997986,0,0,0
137400,People & Technology Inc,240,0.0061006624817011145,0.047619047619047616,2026-03-03,0.7885196374622356,0,0,0
455900,Angel Robotics Co Ltd,240,0.009139574512770823,0.04752851711026616,2026-05-28,0.6797583081570997,0,0,0
375500,DL E&C Co Ltd,240,0.007363733178429664,0.04747774480712166,2026-03-24,0.8277945619335347,0,0,0
025540,Korea Electric Terminal Co Ltd,238,0.004167060543917153,0.04739336492890995,2026-04-17,0.36958710976837866,0,0,0
234690,GC Wellbeing Corp,142,0.006438035063804704,0.047379032258064516,2025-08-18,0.19536757301107754,0,0,0
090360,Robostar Co Ltd,156,0.007271434274218067,0.0472972972972973,2026-04-28,0.7341389728096677,0,0,0
182360,Cube Entertainment Inc,142,0.004169622011101888,0.0472972972972973,2025-11-04,0.3041289023162135,0,0,0
005850,SL Corp,240,0.0067625117900934634,0.04728789986091794,2026-05-18,0.6978851963746223,0,0,0
340450,GC Genome Corp,123,0.0075282308657465494,0.04728789986091794,2025-10-20,0.3423967774420947,0,0,0
282330,BGF Retail Co Ltd,239,0.004752851711026616,0.047192839707078924,2026-03-24,0.36555891238670696,0,0,0
226590,MDevice Co Ltd,56,0.009085056598478877,0.047031611410948346,2025-08-21,0.5035246727089627,0,0,0
001340,PKC Co Ltd,142,0.005132595714787495,0.04697986577181208,2025-10-20,0.2366565961732125,0,0,0
068760,Celltrion Pharm Inc,240,0.005494505494505589,0.046511627906976744,2026-03-04,0.7170191339375629,0,0,0
203650,Dream Security Co Ltd,19,0.009174311926605505,0.04625,2025-06-20,0.5629405840886204,0,0,0
029480,Kwangmu Co Ltd,19,0.008714596949891068,0.046052631578947366,2025-06-20,0.11379657603222558,0,0,0
445680,Curiox BioSystems Co Ltd,174,0.009883326549993215,0.04600219058050383,2025-09-11,0.8046324269889225,0,0,0
005940,NH Investment & Securities Co Ltd,239,0.0050968399592252805,0.045992115637319315,2026-02-20,0.7935548841893253,0,0,0
000990,DB HiTek Co Ltd,175,0.007847533632286996,0.04571984435797665,2026-01-28,0.8539778449144008,0,0,0
257720,Silicon 2 Co Ltd,240,0.006885576479363815,0.045714285714285714,2026-03-05,0.9295065458207452,0,0,0
282880,CowinTech Co Ltd,77,0.0039808917197451926,0.04571428571428561,2025-09-10,0.10171198388721048,0,0,0
002030,Asia Holdings Co Ltd,97,0.003424657534246575,0.0456140350877193,2026-02-06,0.030211480362537766,0,0,0
066570,LG Electronics Inc,239,0.005249343832020997,0.045548654244306416,2026-05-26,0.9566968781470292,0,0,0
033790,Fino Inc,19,0.009302325581395349,0.04534883720930233,2025-06-18,0.1661631419939577,0,0,0
326030,SK Biopharmaceuticals Co Ltd,240,0.005671833846030119,0.04523107177974434,2025-09-03,0.8630412890231621,0,0,0
148150,Se Gyung Hi Tech Co Ltd,54,0.00818257239201413,0.04522613065326633,2025-06-18,0.44511581067472306,0,0,0
065680,Uju Electronics Co Ltd,98,0.005724525588792785,0.045171339563862926,2026-04-17,0.2537764350453172,0,0,0
126700,HyVision System Inc,142,0.0037759836508700325,0.04516129032258064,2025-11-17,0.2578046324269889,0,0,0
334970,Prestige Biologics Co Ltd,19,0.009079118028534372,0.04507042253521127,2025-06-18,0.0755287009063444,0,0,0
352820,Hybe Co Ltd,240,0.005927615456012086,0.045,2026-02-23,0.9617321248741189,0,0,0
016450,Hansae Yes24 Holdings Co Ltd,19,0.002421307506053269,0.0449438202247191,2025-06-26,0.0433031218529708,0,0,0
003670,Posco Future M Co Ltd,239,0.007042253521126761,0.04493670886075949,2025-07-31,0.9677744209466264,0,0,0
141080,LigaChem Biosciences Inc,240,0.006864578802377846,0.0447198275862069,2026-01-27,0.9556898288016112,0,0,0
006660,Samsung Climate Control Co Ltd,123,0.006958942240779402,0.04454022988505747,2025-08-13,0.2990936555891239,0,0,0
005860,Hanil Feed Co Ltd,19,0.005161290322580645,0.044359949302915085,2025-06-23,0.39677744209466265,0,0,0
138040,Meritz Financial Group Inc,240,0.004448398576512456,0.04435146443514645,2026-02-10,0.7411883182275931,0,0,0
267260,HD Hyundai Electric Co Ltd,240,0.0073113426677205075,0.04417670682730924,2025-07-03,0.9637462235649547,0,0,0
105560,KB Financial Group Inc,240,0.005169628972638549,0.044107965766951945,2026-04-08,0.9003021148036254,0,0,0
051910,LG Chem Ltd,240,0.005365548214362827,0.04401408450704225,2025-07-03,0.94662638469285,0,0,0
450080,EcoPro Materials Co Ltd,170,0.007384040191611169,0.044012282497441144,2025-06-25,0.9033232628398792,0,0,0
034310,Nice Holdings Co Ltd,98,0.004374982056672206,0.04399701715137957,2026-04-16,0.08257804632426989,0,0,0
002790,AmorePacific Holdings Corp,240,0.005366726296958855,0.04395604395604396,2025-07-25,0.48439073514602216,0,0,0
001500,Hyundai Motor Securities Co Ltd,220,0.005655047436307429,0.04387755102040816,2026-02-13,0.4622356495468278,0,0,0
411080,Sands Lab Inc,58,0.011335233245345605,0.0438489646772229,2025-07-17,0.37059415911379656,0,0,0
204620,Global Tax Free Co Ltd,62,0.006547504232838252,0.04363636363636364,2025-08-01,0.6283987915407855,0,0,0
039840,Dio Corp,97,0.007731958762886598,0.043333333333333335,2026-02-09,0.16817724068479356,0,0,0
037270,YG Plus Inc,54,0.010870387174833636,0.04327485380116959,2025-07-07,0.8872104733131924,0,0,0
006260,LS Corp,239,0.007220216606498195,0.043222003929273084,2026-05-15,0.9164149043303121,0,0,0
456010,ICTK Co Ltd,58,0.006357756322396477,0.04310344827586207,2025-08-20,0.4984894259818731,0,0,0
034230,Paradise Co Ltd,160,0.0049552660251983485,0.0430622009569378,2026-02-06,0.7512588116817724,0,0,0
003000,Bukwang Pharm Co Ltd,19,0.0067842605156037995,0.04296875,2025-06-20,0.06042296072507553,0,0,0
305090,Micro Digital Co Ltd,142,0.007196417974861089,0.042735042735042736,2025-12-09,0.34541792547834843,0,0,0
086790,Hana Financial Group Inc,240,0.005390874745713456,0.042682926829268296,2026-04-08,0.8610271903323263,0,0,0
388870,Pharos IBio Co Ltd,19,0.008683068017366137,0.04267425320056899,2025-06-26,0.13897280966767372,0,0,0
110990,Digital Imaging Technology Inc,117,0.008937960042060988,0.04267161410018553,2026-05-15,0.6465256797583081,0,0,0
101160,Worldex Industry & Trading Co Ltd,239,0.007075471698113208,0.04247787610619469,2026-04-07,0.5599194360523666,0,0,0
097950,CJ CheilJedang Corp,240,0.004241786318327396,0.04245283018867924,2026-03-30,0.798590130916415,0,0,0
025320,Synopex Inc,240,0.0056899464796996676,0.04240766073871399,2025-06-18,0.6273917421953675,0,0,0
425040,TEMC Co Ltd,142,0.00449791288749823,0.0423728813559322,2025-09-19,0.2457200402819738,0,0,0
482630,Samyang NC Chem Corp,123,0.006993006993006993,0.042283298097251586,2025-12-02,0.42497482376636453,0,0,0
017670,SK Telecom Co Ltd,240,0.0036900369003690036,0.0422360248447205,2026-03-18,0.9113796576032226,0,0,0
010120,LS Electric Co Ltd,236,0.009066250205490713,0.04198473282442748,2026-04-29,0.9697885196374623,0,0,0
089860,Lotte Rental Co Ltd,238,0.0031545819805699643,0.041791044776119404,2026-04-10,0.22860020140986909,0,0,0
247540,EcoPro BM Co Ltd,240,0.007326542539868081,0.041752577319587626,2026-03-13,0.9667673716012085,0,0,0
002390,Handok Inc,132,0.0008616977041195164,0.04173913043478261,2025-12-12,0.025176233635448138,0,0,0
039030,EO Technics Co Ltd,229,0.007168458781362007,0.04171494785631518,2026-03-25,0.8670694864048338,0,0,0
264850,Elensys Co Ltd,77,0.007007007007007007,0.041666666666666664,2025-07-17,0.27492447129909364,0,0,0
256940,Keeps BioPharma Inc,118,0.007617469568805447,0.0416,2025-09-08,0.3997985901309164,0,0,0
298830,SureSoftTech Inc,142,0.007233296709046199,0.04158004158004158,2025-08-04,0.43605236656596175,0,0,0
136150,Wonil T&I Co Ltd,77,0.009765625,0.04154727793696275,2025-06-27,0.6092648539778449,0,0,0
024110,Industrial Bank of Korea,240,0.004566305254378649,0.041361256544502616,2025-08-06,0.8207452165156093,0,0,0
476060,Onconic Therapeutics Inc,152,0.00937209523600407,0.041304347826086954,2026-02-27,0.865055387713998,0,0,0
082640,Tongyang Life Insurance Co Ltd,62,0.006080431729134324,0.0412621359223301,2025-07-21,0.33131923464249746,0,0,0
013990,Agabang & Company,62,0.005475108902713575,0.0412573673870334,2025-08-29,0.48338368580060426,0,0,0
140860,Park Systems Corp,240,0.006061001840748707,0.041237113402061855,2026-05-04,0.6525679758308157,0,0,0
032620,GC MediAI Corp,19,0.006112469437652812,0.04110898661567878,2025-06-10,0.3001007049345418,0,0,0
265520,Advanced Process Systems Corp,117,0.005870841487279843,0.04090909090909091,2026-04-15,0.5508559919436052,0,0,0
215200,MegaStudyEdu Co Ltd,239,0.0013003901170351106,0.04086265607264472,2026-03-12,0.09365558912386707,0,0,0
051600,KEPCO Plant Service & Engineering Co Ltd,240,0.006128709152372605,0.040740740740740744,2026-03-09,0.8066465256797583,0,0,0
277810,Rainbow Robotics,240,0.007369232774350508,0.040740740740740744,2026-05-18,0.9828801611278952,0,0,0
005430,Korea Airport Service Co Ltd,138,0.0017108952855980377,0.04057971014492753,2025-07-21,0.08358509566968782,0,0,0
000080,HiteJinro Co Ltd,240,0.002863190669980608,0.04053236539624924,2026-03-31,0.49748237663645517,0,0,0
280360,Lotte WellFood Co Ltd,239,0.002798507462686567,0.040170940170940174,2025-11-05,0.27391742195367574,0,0,0
098460,Koh Young Technology Inc,132,0.006748091666252711,0.040127388535031845,2025-10-13,0.8882175226586103,0,0,0
011760,Hyundai Corp,240,0.006571749395370263,0.04007633587786259,2026-02-12,0.36153071500503525,0,0,0
032300,Korea Pharma Co Ltd,141,0.0014035087719298245,0.0399737876802097,2025-07-09,0.017119838872104734,0,0,0
353200,Daeduck Electronics Co Ltd,90,0.007102995232750898,0.0399002493765586,2025-07-18,0.8308157099697885,0,0,0
443060,HD Hyundai Marine Solution Co Ltd,240,0.005743125548274214,0.03978201634877384,2026-02-04,0.770392749244713,0,0,0
068240,Dawonsys Co Ltd,77,0.006305170239596469,0.039779005524861875,2025-06-23,0.3393756294058409,0,0,0
302440,SK Bioscience Co Ltd,240,0.005703442667389536,0.0392638036809816,2026-05-29,0.6938569989929506,0,0,0
383220,F&F Co Ltd,240,0.005308581090601663,0.0390625,2025-10-15,0.46827794561933533,0,0,0
452450,PIE Co Ltd,58,0.008705941750023666,0.03889585947302384,2025-08-26,0.6233635448136958,0,0,0
073240,Kumho Tire Co Inc,240,0.006103789254722986,0.0388739946380697,2026-02-11,0.45317220543806647,0,0,0
092730,NeoPharm Co Ltd,98,0.004907982849159319,0.038570618264322176,2026-03-10,0.25478348439073517,0,0,0
046210,HLB PanaGene Co Ltd,19,0.006396588486140725,0.038461538461538464,2025-06-09,0.016112789526686808,0,0,0
085670,NewFlex Technology Co Ltd,19,0.008695652173913044,0.038461538461538464,2025-06-17,0.13494461228600202,0,0,0
020120,KidariStudio Inc,19,0.011111111111111112,0.03841387856257745,2025-06-19,0.36656596173212486,0,0,0
001040,CJ Corp,240,0.005675648272036676,0.03822815533980582,2025-07-10,0.8318227593152064,0,0,0
003240,Taekwang Industrial Co Ltd,239,0.003864734299516908,0.0380479735318445,2026-03-04,0.3504531722054381,0,0,0
012320,Kyungdong Invest Co Ltd,19,0.010719754977029096,0.03803486529318542,2025-06-23,0.1309164149043303,0,0,0
125490,HallaCast Co Ltd,28,0.016085474397785196,0.03803131991051454,2026-02-05,0.9506545820745217,0,0,0
008730,Youlchon Chemical Co Ltd,240,0.007346195358877496,0.037800687285223365,2025-06-02,0.540785498489426,0,0,0
418470,KT Millie Seojae Co Ltd,142,0.0028684119858276382,0.03773584905660377,2025-06-27,0.11581067472306143,0,0,0
403850,The Pinkfong Company Inc,98,0.006726457399103139,0.037694013303769404,2026-02-06,0.3816717019133938,0,0,0
108670,LX Hausys Ltd,117,0.00625,0.037267080745341616,2026-02-19,0.2880161127895267,0,0,0
035900,JYP Entertainment Corp,240,0.0050170731502688914,0.037107516650808754,2025-11-03,0.8821752265861027,0,0,0
025820,Leeku Industrial Co Ltd,19,0.008412197686645636,0.03696498054474708,2025-06-27,0.5871097683786506,0,0,0
053300,Korea Information Certificate Authority Inc,58,0.009175125415923989,0.036834924965893585,2025-07-30,0.5025176233635448,0,0,0
248070,SoluM Co Ltd,175,0.005847953216374269,0.0367170626349892,2026-05-07,0.5397784491440081,0,0,0
363280,TY Holdings Co Ltd,19,0.011182108626198083,0.03669724770642202,2025-06-10,0.18831822759315206,0,0,0
093320,KINX Inc,97,0.002803738317757009,0.03667262969588551,2026-04-16,0.20443101711983888,0,0,0
092230,KPX Holdings Co Ltd,84,0.0018304840718680092,0.03665521191294387,2026-05-12,0.021148036253776436,0,0,0
005950,Isu Chemical Co Ltd,97,0.0048543689320388345,0.03663003663003663,2025-06-19,0.07854984894259819,0,0,0
138930,BNK Financial Group Inc,240,0.004728176069639484,0.03650586701434159,2025-07-14,0.5901309164149043,0,0,0
114090,Grand Korea Leisure Co Ltd,240,0.004118052729163841,0.03636363636363636,2025-07-24,0.513595166163142,0,0,0
005420,Cosmo Chemical Co Ltd,240,0.006297389042225817,0.036076662908680945,2026-02-24,0.5579053373615307,0,0,0
012700,Leadcorp Inc,123,0.005025125628140704,0.03604531410916581,2025-07-21,0.038267875125881166,0,0,0
457190,Isu Specialty Chemical Co Ltd,240,0.008726139939137978,0.036036036036036036,2025-10-17,0.905337361530715,0,0,0
206640,Boditech Med Inc,239,0.0035945363048166786,0.035945363048166784,2026-02-23,0.229607250755287,0,0,0
166480,Corestemchemon Inc,19,0.0037383177570094917,0.03584229390681006,2025-06-19,0.03927492447129909,0,0,0
178320,Seojin System Co Ltd,170,0.006734015216405502,0.03583617747440273,2026-01-20,0.7804632426988922,0,0,0
211050,Incar Finance Service Co Ltd,209,0.0037230081906180195,0.03576642335766423,2026-03-03,0.3011077542799597,0,0,0
005490,Posco Holdings Inc,240,0.00578592630615752,0.03571428571428571,2026-03-26,0.9788519637462235,0,0,0
033270,Korea United Pharm Inc,98,0.003748823518953031,0.03571428571428571,2026-03-03,0.2014098690835851,0,0,0
054950,JVM Co Ltd,117,0.004048582995951417,0.03571428571428571,2025-06-17,0.28197381671701915,0,0,0
017800,Hyundai Elevator Co Ltd,240,0.00568831158745957,0.035629453681710214,2025-08-26,0.796576032225579,0,0,0
241590,Hwaseung Enterprise Co Ltd,142,0.004349369971697579,0.0353356890459364,2025-10-20,0.24370594159113795,0,0,0
001130,DaeHan Flour Mill Co Ltd,74,0.002746662140755827,0.035201149425287355,2026-01-21,0.1379657603222558,0,0,0
034730,SK Inc,239,0.006607929515418502,0.035,2026-05-11,0.9425981873111783,0,0,0
039980,Polaris AI Corp,19,0.007029876977152899,0.035,2025-06-04,0.7230614300100705,0,0,0
260970,S&D Co Ltd,116,0.006848492130241499,0.03469545104086353,2025-09-12,0.5830815709969789,0,0,0
038500,Sampyo Cement Co Ltd,19,0.006211180124223602,0.03453689167974882,2025-06-24,0.1701913393756294,0,0,0
161390,Hankook Tire & Technology Co Ltd,240,0.005574198359433259,0.034482758620689655,2026-01-22,0.6807653575025177,0,0,0
439580,BlueMTec Co Ltd,19,0.007692307692307693,0.034482758620689655,2025-06-11,0.6143001007049346,0,0,0
185750,Chong Kun Dang Pharmaceutical Corp,240,0.0037359900373599006,0.03403755868544601,2025-11-05,0.446122860020141,0,0,0
354320,Almac Co Ltd,142,0.004530156580270475,0.03346456692913386,2025-06-04,0.08056394763343404,0,0,0
001440,Taihan Cable & Solution Co Ltd,132,0.007741124355818606,0.03333333333333333,2025-07-23,0.9446122860020141,0,0,0
317450,Myung In Pharm Co Ltd,98,0.004918085655314757,0.03302752293577982,2026-05-07,0.49647532729103727,0,0,0
095700,Genexine Inc,19,0.010576923076923078,0.033,2025-06-30,0.08157099697885196,0,0,0
273640,YM Tech Co Ltd,19,0.0,0.03292181069958848,2025-06-24,0.0030211480362537764,0,0,0
000070,Samyang Holdings Corp,204,0.003624901497241923,0.03290129611166501,2025-07-10,0.3434038267875126,0,0,0
382840,OneJoon Co Ltd,142,0.005514851184142523,0.03289473684210526,2025-06-12,0.12487411883182276,0,0,0
035420,Naver Corp,240,0.005708853883758826,0.032818532818532815,2025-10-16,0.9949647532729103,0,0,0
145720,Dentium Co Ltd,239,0.004615384615384616,0.03238095238095238,2026-02-24,0.44108761329305135,0,0,0
145170,Nobland International Inc,142,0.0045076353305261024,0.03236994219653179,2025-11-14,0.05236656596173213,0,0,0
009540,HD Korea Shipbuilding & Offshore Engineering Co Ltd,240,0.00597020245223838,0.03204272363150868,2025-08-26,0.9405840886203424,0,0,0
215600,SillaJen Inc,19,0.006734006734006734,0.031746031746031744,2025-06-16,0.5347432024169184,0,0,0
070960,Mona Yongpyong Co Ltd,19,0.01,0.03171641791044776,2025-06-17,0.42900302114803623,0,0,0
034220,LG Display Co Ltd,170,0.004294209846948184,0.03169811320754717,2025-09-17,0.8398791540785498,0,0,0
030530,Wonik Holdings Co Ltd,79,0.013580246913580247,0.03169014084507042,2026-01-29,0.9305135951661632,0,0,0
226400,Osteonic Co Ltd,142,0.00621141975308642,0.03166666666666667,2025-11-25,0.2940584088620342,0,0,0
011170,Lotte Chemical Corp,239,0.006711409395973154,0.03155339805825243,2026-03-24,0.7603222557905337,0,0,0
214320,Innocean Worldwide Inc,221,0.0024752475247524753,0.031413612565445025,2026-04-21,0.32225579053373615,0,0,0
123860,Anapass Inc,19,0.0011299435028248588,0.031007751937984496,2025-06-18,0.1148036253776435,0,0,0
006910,Bosung Power Technology Co Ltd,19,0.011644832605531296,0.030855539971949508,2025-06-23,0.6586102719033232,0,0,0
015360,Inveni Co Ltd,90,0.005050794926246915,0.030525030525030524,2026-03-03,0.2134944612286002,0,0,0
048430,Yura Tech Co Ltd,123,0.0037926675094816687,0.030376670716889428,2025-09-24,0.045317220543806644,0,0,0
005010,Husteel Co Ltd,19,0.003976143141153081,0.030120481927710843,2025-06-02,0.5045317220543807,0,0,0
005180,Binggrae Co Ltd,240,0.0041238691245493505,0.030104712041884817,2026-03-05,0.5176233635448136,0,0,0
001450,Hyundai Marine & Fire Insurance Co Ltd,240,0.005338095192864809,0.029891304347826088,2026-02-24,0.6847935548841894,0,0,0
011810,STX Corp,19,0.00430416068866571,0.029641185647425898,2025-06-02,0.09768378650553877,0,0,0
192080,DoubleU Games Co Ltd,240,0.0038241057588254217,0.02959183673469388,2026-03-05,0.26586102719033233,0,0,0
004360,Sebang Co Ltd,117,0.0045632333767926985,0.02956636005256242,2026-05-13,0.26988922457200404,0,0,0
307750,Kukjeon Co Ltd,19,0.009615384615384616,0.029094827586206896,2025-06-02,0.3766364551863041,0,0,0
096250,WiseNut INC,58,0.003864196588824269,0.028931750741839762,2025-09-08,0.28298086606243705,0,0,0
048870,Synergy Innovation Co Ltd,19,0.0036900369003690036,0.02888086642599278,2025-06-24,0.3162134944612286,0,0,0
000640,Dong-A Socio Holdings Co Ltd,231,0.0009950248756218905,0.02880288028802877,2026-03-04,0.1933534743202417,0,0,0
006120,SK Discovery Co Ltd,235,0.0032258064516129032,0.02872531418312388,2026-03-04,0.2769385699899295,0,0,0
179290,MITech Co Ltd,142,0.002898605518692855,0.02857142857142857,2025-11-21,0.1067472306143001,0,0,0
476040,OrganoidSciences Ltd,58,0.007894791515176698,0.02847571189279732,2025-08-04,0.7925478348439073,0,0,0
007570,Ilyang Pharmaceutical Co Ltd,50,0.0014800578224587685,0.028446389496717725,2025-07-01,0.07250755287009064,0,0,0
207940,Samsung Biologics Co Ltd,222,0.003978686114880144,0.027937551355792935,2025-10-28,0.9274924471299094,0,0,0
251270,Netmarble Corp,240,0.005454563486160285,0.027522935779816515,2026-02-06,0.6676737160120846,0,0,0
322310,AurosTechnology Inc,19,0.009523809523809525,0.027149321266968326,2025-06-17,0.2497482376636455,0,0,0
126560,Hyundai Futurenet Co Ltd,19,0.0014925373134328358,0.02694610778443114,2025-06-02,0.019133937562940583,0,0,0
215000,Golfzon Co Ltd,240,0.001949325145914397,0.02694610778443114,2026-03-09,0.18529707955689828,0,0,0
255220,SG Co Ltd,19,0.008565310492505354,0.026,2025-06-12,0.48036253776435045,0,0,0
192820,Cosmax Inc,240,0.005398922158791574,0.02584493041749503,2025-08-01,0.7955689828801611,0,0,0
453860,AS Tech Co Ltd,18,0.002487270120624876,0.025405405405405406,2025-06-20,0.11681772406847936,0,0,0
344820,KCC Glass Corp,98,0.004851157950879248,0.025295109612141653,2026-02-19,0.2809667673716012,0,0,0
099430,Bio Plus Co Ltd,62,0.006127519924988279,0.025,2025-08-19,0.5297079556898288,0,0,0
016380,KG DongbuSteel Co Ltd,142,0.0054446460980036296,0.024761904761904763,2025-09-04,0.19939577039274925,0,0,0
146320,BCNC Co Ltd,19,0.002190580503833516,0.024742268041237112,2025-06-13,0.0513595166163142,0,0,0
297890,HB Solution Co Ltd,19,0.004098360655737705,0.024691358024691357,2025-06-23,0.18429003021148035,0,0,0
099440,Smec Co Ltd,19,0.007425742574257425,0.024216524216524215,2025-06-26,0.34843907351460224,0,0,0
001250,GS Global Corp,19,0.0038240917782026767,0.024163568773234202,2025-06-23,0.5166163141993958,0,0,0
078340,Com2uSCorp,239,0.0037313432835820895,0.024115755627009645,2025-11-19,0.311178247734139,0,0,0
371950,Poongwon Precision Co Ltd,18,0.0,0.02403846153846154,2025-06-17,0.03726082578046324,0,0,0
092200,Dae-Il Corp,19,0.008264462809917356,0.023933402705515087,2025-06-25,0.4179254783484391,0,0,0
060980,HL Holdings Corp,97,0.004767580452920143,0.023702031602708805,2026-03-05,0.33534743202416917,0,0,0
003720,Samyoung Co Ltd,19,0.00628140703517588,0.023529411764705882,2025-06-20,0.16012084592145015,0,0,0
003230,Samyang Foods Inc,240,0.004982504048894091,0.023443223443223443,2025-07-24,0.9436052366565961,0,0,0
348150,KoBioLabs Inc,19,0.0020833333333333333,0.023373983739837397,2025-06-20,0.023162134944612285,0,0,0
336680,Top Run Total Solution Co Ltd,19,0.004509582863585118,0.023255813953488372,2025-06-23,0.1500503524672709,0,0,0
377740,BioNote Inc,141,0.003389830508474576,0.0231023102310231,2025-09-24,0.07452165156092648,0,0,0
259960,Krafton Inc,239,0.004580152671755725,0.022770398481973434,2026-04-20,0.7794561933534743,0,0,0
290550,DK Tech Co Ltd,19,0.0030257186081694403,0.022727272727272728,2025-06-04,0.035246727089627394,0,0,0
001380,SG Global Co Ltd,19,0.002799552071668533,0.022551928783382788,2025-06-24,0.12386706948640483,0,0,0
093050,LF Corp,97,0.004,0.022494887525562373,2026-05-20,0.1268882175226586,0,0,0
210980,SK D&D Co Ltd,19,0.003883495145631068,0.02233502538071066,2025-06-23,0.23061430010070494,0,0,0
001630,Chongkundang Holdings Corp,98,0.0022111724714527735,0.022289766970618033,2026-01-26,0.054380664652567974,0,0,0
003580,HLB Global Co Ltd,19,0.0078125,0.022146507666098807,2025-06-18,0.06243705941591138,0,0,0
030000,Cheil Worldwide Inc,240,0.0030429750790834037,0.021761658031088083,2025-06-12,0.47935548841893255,0,0,0
460850,Dongkuk Coated Metal Co Ltd,19,0.0015625,0.02157164869029276,2025-06-17,0.1107754279959718,0,0,0
038290,Macrogen Inc,17,0.0006289308176100629,0.021505376344086023,2025-06-05,0.0553877139979859,0,0,0
008770,Hotel Shilla Co Ltd,239,0.004672897196261682,0.02127659574468085,2025-11-07,0.7552870090634441,0,0,0
037710,GwangjuShinsegae Co Ltd,97,0.0026041666666666665,0.02125,2026-04-16,0.16112789526686808,0,0,0
091810,Trinity Airways Co Ltd,19,0.004914004914004892,0.0209302325581395,2025-06-25,0.3776435045317221,0,0,0
360070,Top Material Co Ltd,19,0.006224066390041493,0.02066115702479339,2025-06-30,0.25075528700906347,0,0,0
009300,Sam-A Pharm Co Ltd,17,0.0,0.02035203520352035,2025-06-20,0.006042296072507553,0,0,0
054210,Elentec Co Ltd,19,0.003472222222222222,0.02030456852791878,2025-06-24,0.07955689828801611,0,0,0
004430,Songwon Industrial Co Ltd,141,0.0011111111111111111,0.020249221183800622,2025-06-20,0.06646525679758308,0,0,0
009680,Motonic Corp,97,0.0018433179723502304,0.02018348623853211,2026-03-03,0.06445115810674723,0,0,0
052260,Hyundai BioLand Co Ltd,19,0.002107481559536354,0.01984126984126984,2025-06-12,0.10070493454179255,0,0,0
125210,Amogreentech Co Ltd,19,0.006191950464396285,0.019696969696969695,2025-06-05,0.14400805639476336,0,0,0
001200,Eugene Investment & Securities Co Ltd,19,0.008287292817679558,0.019390581717451522,2025-06-27,0.6445115810674723,0,0,0
259630,mPlus Corp,19,0.0025252525252525255,0.017654476670870115,2025-06-23,0.09667673716012085,0,0,0
140670,RS Automation Co Ltd,58,0.005499851687269871,0.017556179775280966,2025-08-04,0.3605236656596173,0,0,0
123410,Korea Fuel-Tech Corp,19,0.006060606060606061,0.017223910840932118,2025-06-26,0.23162134944612287,0,0,0
006620,DongKoo Bio & Pharma Co Ltd,19,0.005145797598627788,0.017006802721088437,2025-06-10,0.1339375629405841,0,0,0
082850,Wooree Bio Co Ltd,19,0.006172839506172839,0.016771488469601678,2025-06-26,0.29607250755287007,0,0,0
009290,Kwangdong Pharmaceutical Co Ltd,19,0.00539568345323741,0.013745704467353952,2025-06-26,0.11983887210473314,0,0,0
109610,SY Co Ltd,19,0.005442176870748299,0.012396694214876033,2025-06-18,0.297079556898288,0,0,0
035080,Gradiant Corp,132,0.0,0.011299435028248588,2025-11-05,0.013091641490433032,0,0,0
051370,Interflex Co Ltd,19,0.004796163069544364,0.010856453558504222,2025-06-10,0.13695871097683787,0,0,0
063160,CKD Bio Corp,19,0.0,0.0102880658436214,2025-06-12,0.022155085599194362,0,0,0
230360,Echo Marketing Co Ltd,89,0.0,0.00949367088607595,2026-03-04,0.014098690835850957,0,0,0
228670,Ray Co Ltd,19,0.0012360939431396785,0.008293838862559242,2025-06-13,0.12185297079556898,0,0,0
040300,YTN,19,0.001652892561983471,0.006622516556291391,2025-06-24,0.06545820745216516,0,0,0
